right_gripper_pole_x_1,right_gripper_pole_y_1,right_gripper_pole_z_1,right_gripper_pole_q_11,right_gripper_pole_q_12,right_gripper_pole_q_13,right_gripper_pole_q_14,left_gripper_pole_x_1,left_gripper_pole_y_1,left_gripper_pole_z_1,left_gripper_pole_q_11,left_gripper_pole_q_12,left_gripper_pole_q_13,left_gripper_pole_q_14,x_1,y_1,z_1,quat1_1,quat2_1,quat3_1,quat4_1
0.8924403786659241,-0.28836026787757874,0.3431350290775299,0.9932901859283447,-0.017579317092895508,0.0020414679311215878,-0.11428671330213547,0.8924397826194763,0.28838518261909485,0.3431333303451538,0.9932891726493835,0.017599981278181076,-0.0020090709440410137,-0.11428671330213547,0.9519287347793579,0.2735888659954071,0.3999864161014557,-1.6399999367422424e-05,2.6300000172341242e-05,-0.006561200134456158,0.9999784827232361,0.0,0.0,0.0,0.0,0.0,0.0,0.0,0.0,0.0,0.0,0.0,0.0,0.0,0.0,0.0,0.0,0.0,0.0,0.0,0.0,0.0,0.8924403786659241,-0.28836026787757874,0.3431350290775299,0.9932901859283447,-0.017579317092895508,0.0020414679311215878,-0.11428671330213547,0.8924397826194763,0.28838518261909485,0.3431333303451538,0.9932891726493835,0.017599981278181076,-0.0020090709440410137,-0.11428671330213547,0.9519287347793579,0.2735888659954071,0.3999864161014557,-1.6399999367422424e-05,2.6300000172341242e-05,-0.006561200134456158,0.9999784827232361
0.8550242781639099,-0.30317631363868713,0.23987270891666412,0.9547680616378784,-0.0403926856815815,-0.06110754981637001,-0.1082029864192009,0.8472835421562195,0.2649936378002167,0.24212326109409332,0.9509674310684204,-0.0008124299929477274,-0.071560338139534,-0.11163437366485596,0.9271942973136902,-0.1541810780763626,0.3889447748661041,0.001506782602518797,-0.0010816125432029366,0.001676266430877149,0.9598276019096375,8.442159014521167e-05,7.56074587116018e-05,1.4590370483347215e-05,0.00011292040289845318,3.382768409210257e-05,1.5226554751279764e-05,1.1628318134171423e-05,8.338829502463341e-05,5.456163489725441e-05,2.4742701498325914e-05,0.000128715590108186,4.922272273688577e-05,1.118059481086675e-05,1.302867258345941e-05,9.795252844924107e-05,7.885733793955296e-05,1.997020808630623e-05,1.4053835911909118e-05,7.271028152899817e-06,1.5617813915014267e-05,0.0001021085336105898,0.8872520923614502,-0.2757154703140259,0.2923711836338043,0.9923269152641296,-0.014147150330245495,-0.039511509239673615,-0.11630107462406158,0.887344241142273,0.3086760938167572,0.29241055250167847,0.9919761419296265,0.02623184211552143,-0.04362155497074127,-0.11630107462406158,0.9519287347793579,0.2735888659954071,0.3999864161014557,-1.6399999367422424e-05,2.6300000172341242e-05,-0.006561200134456158,0.9999784827232361
0.8652106523513794,-0.33481889963150024,0.24674871563911438,0.9726901650428772,-0.05712943524122238,-0.06783027946949005,-0.10520417243242264,0.861050009727478,0.25192439556121826,0.24744871258735657,0.9710314869880676,-0.012443042360246181,-0.07670455425977707,-0.10870295017957687,0.9472809433937073,-0.16905023157596588,0.3927810788154602,0.0021606956142932177,-0.0025401227176189423,0.0026706568896770477,0.9812408685684204,2.558808591857087e-05,3.245190600864589e-05,5.876878276467323e-06,4.839737084694207e-05,1.1459429515525699e-05,4.830337729799794e-06,4.10391612604144e-06,3.1538867915514857e-05,1.6840986063471064e-05,7.230567462102044e-06,4.733737659989856e-05,1.6096684703370556e-05,3.3560884276084835e-06,4.452143002708908e-06,3.6480618291534483e-05,4.035586243844591e-05,6.8174663283571135e-06,3.486548166620196e-06,1.9246228930569487e-06,3.770492867261055e-06,3.4098913602065295e-05,0.8779820203781128,-0.25779199600219727,0.27146393060684204,0.9911239743232727,-0.004749254789203405,-0.06038610264658928,-0.1183396652340889,0.8781768679618835,0.33725637197494507,0.27148669958114624,0.989962637424469,0.04299578815698624,-0.06440678983926773,-0.1183396652340889,0.9519287347793579,0.2735888659954071,0.3999864161014557,-1.6399999367422424e-05,2.6300000172341242e-05,-0.006561200134456158,0.9999784827232361
0.8636907935142517,-0.36763694882392883,0.24789071083068848,0.9824976921081543,-0.07792630046606064,-0.07044097036123276,-0.1041061282157898,0.8615210652351379,0.23894791305065155,0.2481560856103897,0.9808658957481384,-0.023912809789180756,-0.08003634959459305,-0.10711652040481567,0.9552667140960693,-0.18057286739349365,0.3962884843349457,0.0010485707316547632,-0.0006215223111212254,0.003134658094495535,0.9907397627830505,1.6566620615776628e-05,1.7697204384603538e-05,2.397524667685502e-06,2.7754133043345064e-05,6.88189629727276e-06,2.042700543825049e-06,2.2767751488572685e-06,2.0156894606770948e-05,1.0546683370193932e-05,3.4154800232499838e-06,2.5218909286195412e-05,7.050058684399119e-06,1.7993515939451754e-06,1.7334612039121566e-06,1.975286431843415e-05,2.4609526008134708e-05,4.0864883885660674e-06,1.3328788099897793e-06,1.1086923450420727e-06,1.5101084045454627e-06,2.1394598661572672e-05,0.8679575324058533,-0.23807422816753387,0.26423075795173645,0.9901232123374939,0.007302132900804281,-0.07164474576711655,-0.12029018253087997,0.8682124018669128,0.36871299147605896,0.26422759890556335,0.987758219242096,0.06319525837898254,-0.07534308731555939,-0.12029018253087997,0.9519287347793579,0.2735888659954071,0.3999864161014557,-1.6399999367422424e-05,2.6300000172341242e-05,-0.006561200134456158,0.9999784827232361
0.8580417633056641,-0.39642098546028137,0.24878966808319092,0.9866098165512085,-0.09943237900733948,-0.07244186848402023,-0.10223092883825302,0.8553628921508789,0.22735783457756042,0.2488781064748764,0.9865816235542297,-0.03501066192984581,-0.0844411700963974,-0.10510371625423431,0.9598904848098755,-0.18301056325435638,0.3988521099090576,0.0014436471974477172,-0.0004655208031181246,0.003514245618134737,0.998060941696167,1.1399002687539905e-05,1.1136950888612773e-05,1.0997166555171134e-06,1.7005795598379336e-05,5.087113549961941e-06,1.0793447700052639e-06,1.3094298765281565e-06,1.3807400137011427e-05,9.246517038263846e-06,1.9953276932938024e-06,1.4170195754559245e-05,4.314516445447225e-06,1.2850071016146103e-06,7.470609375559434e-07,1.130711279984098e-05,1.9343151507200673e-05,2.7855899134010542e-06,7.196681508503389e-07,7.65032723393233e-07,8.514303431184089e-07,1.3812845281790942e-05,0.8577589392662048,-0.21774093806743622,0.2617346942424774,0.9891161322593689,0.020570697262883186,-0.07948137074708939,-0.12210197001695633,0.8580471277236938,0.401164710521698,0.26171112060546875,0.9851915836334229,0.08482694625854492,-0.08258500695228577,-0.12210197001695633,0.9519287347793579,0.2735888659954071,0.3999864161014557,-1.6399999367422424e-05,2.6300000172341242e-05,-0.006561200134456158,0.9999784827232361
0.8501837849617004,-0.4236713647842407,0.24928192794322968,0.9881331920623779,-0.12050619721412659,-0.07421132177114487,-0.09966690838336945,0.846619188785553,0.21653249859809875,0.2501259744167328,0.9906073808670044,-0.045418575406074524,-0.08895917236804962,-0.10225630551576614,0.9632630944252014,-0.18117102980613708,0.40089428424835205,0.0016589505830779672,-0.000705667887814343,0.004008408635854721,1.003943920135498,8.269773388747126e-06,9.295213203586172e-06,6.797033620387083e-07,1.1317064490867779e-05,4.585535862133838e-06,6.651743547081423e-07,7.979227234500286e-07,9.696105735201854e-06,9.985523320210632e-06,1.2926191175210988e-06,8.95152879820671e-06,3.911058229277842e-06,9.582071243130486e-07,3.488125628337002e-07,7.404120424325811e-06,1.7583324734005146e-05,1.9954441086156294e-06,4.902581736132561e-07,5.480994786921656e-07,5.863344654244429e-07,9.31980503082741e-06,0.8475040793418884,-0.19719664752483368,0.2608742117881775,0.9879738688468933,0.03453325107693672,-0.08603276312351227,-0.12374776601791382,0.8478068113327026,0.4339568316936493,0.2608391046524048,0.9821565747261047,0.10709110647439957,-0.08825454860925674,-0.12374776601791382,0.9519287347793579,0.2735888659954071,0.3999864161014557,-1.6399999367422424e-05,2.6300000172341242e-05,-0.006561200134456158,0.9999784827232361
0.8413546681404114,-0.4504773020744324,0.24960103631019592,0.9886157512664795,-0.14044012129306793,-0.07559294998645782,-0.09693271666765213,0.8371248841285706,0.20562376081943512,0.2514248788356781,0.9935741424560547,-0.05527637526392937,-0.09323494136333466,-0.09891612082719803,0.9662807583808899,-0.17934486269950867,0.4027738869190216,0.0013558929786086082,-0.000733622582629323,0.0043942914344370365,1.0084559917449951,6.2656536101712845e-06,9.890307410387322e-06,5.339010726856941e-07,8.177864401659463e-06,4.873339094046969e-06,5.051914513387601e-07,5.479803348862333e-07,7.018911219347501e-06,1.1803696907008998e-05,8.93347419150814e-07,6.161684268590761e-06,4.647987680073129e-06,7.1578153892915e-07,2.258589546499934e-07,5.432472335087368e-06,1.6810714441817254e-05,1.4537164361172472e-06,3.7061283819639357e-07,4.076421191712143e-07,4.6805277520434174e-07,6.630086772929644e-06,0.8372268080711365,-0.17658165097236633,0.260578453540802,0.9866359233856201,0.04898679256439209,-0.09203048050403595,-0.12522058188915253,0.8375394940376282,0.4668642282485962,0.26053616404533386,0.9786125421524048,0.12961392104625702,-0.09307867288589478,-0.12522058188915253,0.9519287347793579,0.2735888659954071,0.3999864161014557,-1.6399999367422424e-05,2.6300000172341242e-05,-0.006561200134456158,0.9999784827232361
0.8322535157203674,-0.4764108955860138,0.2499479055404663,0.9882308840751648,-0.15874560177326202,-0.07644191384315491,-0.0943799838423729,0.8276219964027405,0.19416214525699615,0.2521418631076813,0.9951434135437012,-0.06476125866174698,-0.09698127955198288,-0.09551120549440384,0.9685794115066528,-0.17999207973480225,0.40429624915122986,0.0007989261648617685,-0.0005570926587097347,0.004624712746590376,1.0110844373703003,4.965238531440264e-06,1.1198606443940662e-05,4.5520272351495805e-07,6.332176781143062e-06,5.4569718486163765e-06,4.5929576231173996e-07,4.257589694134367e-07,5.329609393811552e-06,1.38270852403366e-05,6.585257779079257e-07,4.5564279389509466e-06,5.828679149999516e-06,5.388187673815992e-07,2.0626930563594215e-07,4.280929715605453e-06,1.639019865251612e-05,1.0753485639725113e-06,2.92899102305455e-07,3.1627357088837016e-07,4.061498941609898e-07,5.018347110308241e-06,0.8269460201263428,-0.15594284236431122,0.2604754567146301,0.9850717782974243,0.06384182721376419,-0.0977184846997261,-0.1265261173248291,0.8271697163581848,0.4997748136520386,0.26046696305274963,0.9745514988899231,0.15217594802379608,-0.09732294827699661,-0.1265261173248291,0.9519287347793579,0.2735888659954071,0.3999864161014557,-1.6399999367422424e-05,2.6300000172341242e-05,-0.006561200134456158,0.9999784827232361
0.8229916095733643,-0.5003443956375122,0.25021228194236755,0.986350417137146,-0.17503269016742706,-0.076771579682827,-0.09219470620155334,0.8181893825531006,0.18189853429794312,0.2519145607948303,0.9945279359817505,-0.07402404397726059,-0.09988401085138321,-0.09231319278478622,0.9690994024276733,-0.18412350118160248,0.40509316325187683,0.00032040191581472754,-0.0003241647209506482,0.004771423526108265,1.0109552145004272,4.131741206947481e-06,1.217703174916096e-05,3.9391704831359675e-07,5.217475518293213e-06,5.955695996817667e-06,4.498876933212159e-07,3.6026159477842157e-07,4.299189185985597e-06,1.5399495168821886e-05,5.229725843491906e-07,3.66707399734878e-06,6.937543275853386e-06,4.1309468201689015e-07,2.09774299264609e-07,3.5810260214930167e-06,1.609333594387863e-05,8.267144266937976e-07,2.326002856989362e-07,2.548873681007535e-07,3.600879381338018e-07,4.106821506866254e-06,0.8166590332984924,-0.13529758155345917,0.2604409456253052,0.9832625985145569,0.07904716581106186,-0.1031746193766594,-0.12767605483531952,0.8168519735336304,0.5327177047729492,0.2604447901248932,0.9699839353561401,0.17461411654949188,-0.10104985535144806,-0.12767605483531952,0.9519287347793579,0.2735888659954071,0.3999864161014557,-1.6399999367422424e-05,2.6300000172341242e-05,-0.006561200134456158,0.9999784827232361
0.8134839534759521,-0.5213444232940674,0.25010448694229126,0.9823298454284668,-0.18916259706020355,-0.07661186903715134,-0.09042230993509293,0.8087292313575745,0.16870349645614624,0.2507439851760864,0.9912093877792358,-0.08317501842975616,-0.10177954286336899,-0.08943340927362442,0.9670131802558899,-0.19172479212284088,0.40494677424430847,7.759923028061166e-05,-0.0001473208103561774,0.004895913880318403,1.0076038837432861,3.5867155929736327e-06,1.2463400707929395e-05,3.456437696058856e-07,4.572240413835971e-06,6.175198905111756e-06,4.436855363110226e-07,3.191726136719808e-07,3.679409928736277e-06,1.6181138562387787e-05,4.4495422457657696e-07,3.2501591249456396e-06,7.665769771847408e-06,3.289175651843834e-07,2.113360721978097e-07,3.2061620913736988e-06,1.5703355529694818e-05,6.741187235093093e-07,1.8147247260458244e-07,2.1250248494197876e-07,3.1575794423588377e-07,3.648220172181027e-06,0.8063751459121704,-0.11465027183294296,0.260427862405777,0.981194794178009,0.09456268697977066,-0.10841728746891022,-0.12868723273277283,0.806561291217804,0.5656730532646179,0.2604359984397888,0.9649335145950317,0.19678045809268951,-0.10430042445659637,-0.12868723273277283,0.9519287347793579,0.2735888659954071,0.3999864161014557,-1.6399999367422424e-05,2.6300000172341242e-05,-0.006561200134456158,0.9999784827232361
0.8039590120315552,-0.5391714572906494,0.24944911897182465,0.9761875867843628,-0.20130255818367004,-0.07597262412309647,-0.0890069380402565,0.7993823289871216,0.15468639135360718,0.24888558685779572,0.9854435324668884,-0.09226739406585693,-0.10272862762212753,-0.08689166605472565,0.9623854756355286,-0.20215468108654022,0.4039214551448822,7.487138645956293e-05,-7.71784907556139e-05,0.005007351282984018,1.0015041828155518,3.207483132428024e-06,1.2089873052900657e-05,3.133017116851988e-07,4.223328687658068e-06,6.066876721888548e-06,4.316001707138639e-07,2.867984676413471e-07,3.2946838928182842e-06,1.6127693015732802e-05,3.959806633702101e-07,3.121865120192524e-06,7.914703019196168e-06,2.76102781526788e-07,2.0797287447749113e-07,3.051052999580861e-06,1.5032856026664376e-05,5.859429279553297e-07,1.3815109412007587e-07,1.819742436737215e-07,2.7075535058429523e-07,3.44018121722911e-06,0.7893097400665283,-0.07986384630203247,0.26104071736335754,0.9774646759033203,0.12330001592636108,-0.11529558151960373,-0.12675490975379944,0.7902617454528809,0.6165111064910889,0.2604915499687195,0.957253634929657,0.22975754737854004,-0.10705745220184326,-0.12675490975379944,0.9654391407966614,0.2950029671192169,0.3998263478279114,0.00015747199358884245,3.510000169626437e-05,0.002147647086530924,0.9999976754188538
0.7243624925613403,-0.32750189304351807,0.25459417700767517,0.9553666710853577,-0.07184475660324097,-0.11199422180652618,-0.10330408811569214,0.7262006998062134,0.3479619026184082,0.2549690306186676,0.9590017199516296,0.05693021044135094,-0.12564121186733246,-0.10333923250436783,0.8991631865501404,0.006944539491087198,0.39210811257362366,0.00028465205105021596,-0.000639899808447808,-0.0036712815053761005,0.9800094962120056,1.1516502127051353e-05,4.641022314899601e-06,2.1818309505761135e-06,2.3375752789434046e-05,9.680735502115567e-07,1.239441644429462e-06,1.9004602336281096e-06,9.475532351643778e-06,3.566934765331098e-06,2.1128705611772602e-06,1.4472730072156992e-05,1.2603146615219885e-06,2.2450039978139102e-06,1.9223743947804905e-06,1.4056726286071353e-05,6.581055345122877e-07,3.3774524581531296e-06,2.0906002191622974e-06,1.5402976032419247e-06,1.0098208349518245e-06,2.1210091290413402e-05,0.7595622539520264,-0.09351988881826401,0.2621484100818634,0.9770145416259766,0.11886890232563019,-0.12772877514362335,-0.12246692925691605,0.7600225210189819,0.6032027006149292,0.2619052231311798,0.9560911655426025,0.2318328469991684,-0.1202799379825592,-0.12246692925691605,0.931705117225647,0.28010833263397217,0.3999176323413849,7.660000119358301e-05,1.160000010713702e-05,0.003304586047306657,0.9999945163726807
0.7291035056114197,-0.33005833625793457,0.2557615041732788,0.9629828929901123,-0.07349804788827896,-0.11336469650268555,-0.10397185385227203,0.7300410270690918,0.35031384229660034,0.2566106915473938,0.9657580852508545,0.058501437306404114,-0.1277059018611908,-0.1044842079281807,0.9043722748756409,0.007611657492816448,0.39455994963645935,-0.0001652245846344158,-0.0003744357090909034,-0.00363553618080914,0.9863871335983276,3.817443939624354e-06,1.8523802509662346e-06,8.06169396128098e-07,1.0036894309450872e-05,4.0560934166933293e-07,4.147425158862461e-07,6.529484153361409e-07,3.830848072539084e-06,1.2847146990679903e-06,9.035811103785818e-07,5.806431545352098e-06,4.870234420195629e-07,6.536482146657363e-07,5.5161058298836e-07,6.13424890616443e-06,1.6142494985160738e-07,1.2306384178373264e-06,4.3079663214484754e-07,3.013160210230126e-07,4.050140205436037e-07,7.744501090201084e-06,0.7470759153366089,-0.11309030652046204,0.2625730037689209,0.9781174659729004,0.10637600719928741,-0.13265222311019897,-0.11989066749811172,0.7472794055938721,0.5837949514389038,0.262484073638916,0.9576942920684814,0.2243763655424118,-0.12662573158740997,-0.11989066749811172,0.9195033311843872,0.2581635117530823,0.39995625615119934,3.569999898900278e-05,1.839999981712026e-06,0.003915900830179453,0.999992311000824
0.7310765385627747,-0.33089545369148254,0.2557358145713806,0.966271162033081,-0.07485126703977585,-0.11448924988508224,-0.104439377784729,0.7318723201751709,0.3517134487628937,0.25690537691116333,0.9692391157150269,0.059641242027282715,-0.12935662269592285,-0.1049700677394867,0.9063490033149719,0.008209319785237312,0.3956249952316284,-0.0003391286008991301,-0.00024845689767971635,-0.0034537368919700384,0.9886810183525085,2.4758223844401073e-06,1.0925610922640772e-06,5.223662356002023e-07,6.090258921176428e-06,1.738251995675455e-07,2.267674830136457e-07,3.682526710235834e-07,2.284481070091715e-06,6.033520207893162e-07,6.075104010960786e-07,4.156362138019176e-06,2.286377593918587e-07,3.68242609738445e-07,2.7008493930225086e-07,3.8886132642801385e-06,7.851721051110871e-08,6.778367946935759e-07,1.5584329560169863e-07,1.1290254064988403e-07,2.1040739284217125e-07,4.957009878125973e-06,0.7427138686180115,-0.13459114730358124,0.26270610094070435,0.9797230362892151,0.09046665579080582,-0.13397879898548126,-0.11835658550262451,0.7428057193756104,0.5625311732292175,0.26268282532691956,0.9604490399360657,0.21253934502601624,-0.1296558678150177,-0.11835658550262451,0.9163232445716858,0.23450927436351776,0.39997339248657227,1.4999999621068127e-05,-1.7900000557347084e-06,0.003966017160564661,0.9999921321868896
0.7322277426719666,-0.33139240741729736,0.2557237446308136,0.9686223864555359,-0.07589776068925858,-0.11546783149242401,-0.1048324927687645,0.7328848242759705,0.3527138829231262,0.25707563757896423,0.9717167019844055,0.06038298085331917,-0.1305730789899826,-0.10544503480195999,0.9074785113334656,0.008721908554434776,0.3961631655693054,-0.0003960700414609164,-0.00010806862701429054,-0.0032810440752655268,0.9901917576789856,1.9089909528702265e-06,7.688232130931283e-07,3.57075634838111e-07,4.253829047229374e-06,8.622124880730553e-08,1.1818201528512873e-07,2.3277505079022376e-07,1.7568389694133657e-06,3.665538770292187e-07,4.546952538930782e-07,3.359491302035167e-06,1.2125977377763775e-07,2.3064166043695877e-07,1.5904332428817725e-07,2.8172707970952615e-06,4.542115661365642e-08,4.846208412345732e-07,7.933530099535346e-08,6.153155140964373e-08,1.0783080739429352e-07,3.7940394577162806e-06,0.7411936521530151,-0.15669330954551697,0.2627509534358978,0.9813030362129211,0.07332320511341095,-0.1338697373867035,-0.11724721640348434,0.7412571310997009,0.54062420129776,0.26274171471595764,0.9635151028633118,0.19879885017871857,-0.13141651451587677,-0.11724721640348434,0.9155616760253906,0.21046392619609833,0.3999815583229065,7.220000043162145e-06,-1.3600000556834857e-06,0.0044930968433618546,0.999989926815033
0.7330813407897949,-0.33183684945106506,0.2559138834476471,0.9706388711929321,-0.07669856399297714,-0.1162487268447876,-0.10526816546916962,0.7335935831069946,0.35350629687309265,0.2573387324810028,0.973737359046936,0.06100863963365555,-0.1315501630306244,-0.10588128119707108,0.9084802865982056,0.00904539693146944,0.39654892683029175,-0.0003802088613156229,-6.688157009193674e-05,-0.0030823342967778444,0.9914131164550781,1.5862340205785586e-06,5.983947062304651e-07,2.598780781681853e-07,3.214024900444201e-06,5.1982432580643945e-08,6.088205850574013e-08,1.531930990950059e-07,1.4650050843556528e-06,2.8539145091599494e-07,3.677121753753454e-07,2.8200834094604943e-06,6.952873121690573e-08,1.5717753854005423e-07,9.360626052057341e-08,2.27352620640886e-06,2.6533012231766406e-08,3.7531086150011106e-07,4.723006341578184e-08,3.643470236625035e-08,5.7579967460696935e-08,3.0890350899426267e-06,0.7406682968139648,-0.1790371984243393,0.2627684772014618,0.9826793670654297,0.055605679750442505,-0.13307857513427734,-0.11635858565568924,0.7407218217849731,0.5185069441795349,0.26275408267974854,0.9665769934654236,0.18409280478954315,-0.13261467218399048,-0.11635858565568924,0.915691077709198,0.1859625279903412,0.3999852240085602,5.750000127591193e-06,-1.8099999579135329e-06,0.004654944874346256,0.9999891519546509
0.7338188290596008,-0.33227336406707764,0.25620266795158386,0.9723701477050781,-0.07736438512802124,-0.11685895174741745,-0.10571295768022537,0.734200656414032,0.3541809320449829,0.25768256187438965,0.9754278063774109,0.06164675951004028,-0.13233187794685364,-0.10629510134458542,0.9094365835189819,0.009174254722893238,0.39685961604118347,-0.0003507291548885405,-0.00010431843838887289,-0.0029077953658998013,0.9924518465995789,1.3465478332364e-06,4.857823796555749e-07,1.9979412968496035e-07,2.5338006253150525e-06,3.5643605400537126e-08,3.335906839652125e-08,1.0546142448220053e-07,1.2120716519348207e-06,2.4786928065623215e-07,2.9626141895278124e-07,2.3539073481515516e-06,4.1230187264318374e-08,1.1216429385285664e-07,5.61938797716266e-08,1.9128628991893493e-06,1.644204239426017e-08,2.975057782350632e-07,3.018694627598961e-08,2.066336435291305e-08,3.142482540852143e-08,2.537389264034573e-06,0.7404887676239014,-0.2014569789171219,0.26277366280555725,0.98378586769104,0.0376257486641407,-0.13188113272190094,-0.11557251960039139,0.7405382990837097,0.4963105320930481,0.2627616226673126,0.9695252180099487,0.16874249279499054,-0.13346362113952637,-0.11557251960039139,0.9154107570648193,0.1616845279932022,0.39998680353164673,3.2800001008581603e-06,-8.540000067114306e-07,0.0058836969546973705,0.9999827146530151
0.7345023155212402,-0.33273375034332275,0.256511926651001,0.9738684892654419,-0.07794176042079926,-0.11732829362154007,-0.10610751807689667,0.7347792983055115,0.35479679703712463,0.2580559253692627,0.9768887162208557,0.06226613000035286,-0.1329418271780014,-0.1066594198346138,0.9103586077690125,0.009191767312586308,0.39712247252464294,-0.00032490529702045023,-0.00015827250899747014,-0.00278441421687603,0.9933842420578003,1.1247234397160355e-06,3.9675006746620056e-07,1.566992722246141e-07,2.026999936788343e-06,2.653270314567635e-08,2.009356236953863e-08,7.522370992774086e-08,9.759999102243455e-07,2.171618405100162e-07,2.2962727541653294e-07,1.9169690403941786e-06,2.5480199283833826e-08,8.128252204642195e-08,3.536873904863569e-08,1.6023084299376933e-06,1.1199298377562172e-08,2.381852510779936e-07,1.9974836007463637e-08,1.163339291565535e-08,1.7249302430855096e-08,2.0554793991323095e-06,0.7404295206069946,-0.22394320368766785,0.26277682185173035,0.9845983982086182,0.01944562792778015,-0.13036000728607178,-0.11486567556858063,0.7404675483703613,0.47410935163497925,0.26276373863220215,0.9722982048988342,0.15291047096252441,-0.13406123220920563,-0.11486567556858063,0.9160286784172058,0.13669881224632263,0.3999883532524109,1.9799999790848233e-06,3.189999915775843e-06,0.0053861080668866634,0.9999855160713196
0.7351319789886475,-0.3332041800022125,0.2568078935146332,0.9751680493354797,-0.07843203097581863,-0.11767768114805222,-0.10641973465681076,0.7353233695030212,0.35536888241767883,0.25840964913368225,0.9781604409217834,0.06279962509870529,-0.13340626657009125,-0.10694862902164459,0.9112368226051331,0.009166467934846878,0.39735904335975647,-0.00030599982710555196,-0.00019022860215045512,-0.0027152602560818195,0.994236171245575,9.098977216126514e-07,3.1938168376655085e-07,1.2206771771161584e-07,1.613529207133979e-06,2.0846773196581125e-08,1.3182197555750008e-08,5.412168846419263e-08,7.663578571737162e-07,1.8435258652971243e-07,1.714249151518743e-07,1.5198093024082482e-06,1.670448668278368e-08,5.8974190864091725e-08,2.3603787369097518e-08,1.3098667750455206e-06,8.108701265996388e-09,1.902116224528072e-07,1.3114420660542692e-08,6.953099873641122e-09,9.66255964129914e-09,1.6291975271087722e-06,0.7404099106788635,-0.24640454351902008,0.2627771198749542,0.9851064085960388,0.0012416830286383629,-0.12856414914131165,-0.11417118459939957,0.7404422760009766,0.45188969373703003,0.2627642750740051,0.9748719334602356,0.1366269290447235,-0.13442158699035645,-0.11417118459939957,0.9156174063682556,0.11246686428785324,0.3999883234500885,9.510000040791056e-07,-8.530000172868313e-07,0.006863140035420656,0.9999764561653137
0.7356681227684021,-0.333635151386261,0.257070392370224,0.9762445092201233,-0.07882100343704224,-0.11792374402284622,-0.10664141178131104,0.7357850074768066,0.3558753430843353,0.2587062418460846,0.9792131781578064,0.06320881098508835,-0.1337505429983139,-0.10715405642986298,0.9120182991027832,0.009127745404839516,0.39757081866264343,-0.00029390357667580247,-0.00019324956519994885,-0.0026933839544653893,0.994966983795166,7.123795171537495e-07,2.5109181933657965e-07,9.347528617809076e-08,1.2669723901126417e-06,1.6771892319411563e-08,9.133857226117925e-09,3.861342179334315e-08,5.902686552872183e-07,1.5027130473299621e-07,1.2486631817409943e-07,1.1790770031439024e-06,1.1458412885190228e-08,4.25950936744357e-08,1.65722759959408e-08,1.0411224593553925e-06,5.982612627519757e-09,1.499536494975473e-07,8.286083819086798e-09,4.515398277504801e-09,5.6024918038133364e-09,1.264550178348145e-06,0.7403819561004639,-0.2688876986503601,0.26278138160705566,0.9853075742721558,-0.017003701999783516,-0.12651072442531586,-0.11346764862537384,0.7404314279556274,0.42966678738594055,0.2627663314342499,0.977218747138977,0.1199384331703186,-0.13454760611057281,-0.11346764862537384,0.91585773229599,0.0872550681233406,0.39998966455459595,7.090000053722179e-07,4.820000185645767e-07,0.006060693878680468,0.9999816417694092
0.7360640168190002,-0.33397701382637024,0.2572828531265259,0.9770492315292358,-0.07909918576478958,-0.11808327585458755,-0.1067783534526825,0.7361176013946533,0.35628390312194824,0.25892385840415955,0.9799985885620117,0.06349077820777893,-0.133996844291687,-0.10728123039007187,0.9126357436180115,0.009082574397325516,0.3977440595626831,-0.0002865791611839086,-0.00017666352505329996,-0.002708239946514368,0.9955112934112549,5.435922503238544e-07,1.926846380229108e-07,7.038368465828171e-08,9.80422896645905e-07,1.3464971360122036e-08,6.523891649123925e-09,2.733725246173435e-08,4.487660021368356e-07,1.1815591705044426e-07,8.997775324814938e-08,9.013894555209845e-07,7.950841762749405e-09,3.0569157871696007e-08,1.206643851503486e-08,8.082071758508391e-07,4.434006495301901e-09,1.1634507757207757e-07,4.982834589384311e-09,3.124974501389488e-09,3.3426654777457543e-09,9.661372359914822e-07,0.7403156757354736,-0.2913796603679657,0.2628211975097656,0.9852068424224854,-0.035199444741010666,-0.12417922168970108,-0.11272958666086197,0.7404276132583618,0.40745630860328674,0.26276496052742004,0.9793232083320618,0.10291584581136703,-0.13443392515182495,-0.11272958666086197,0.9155119061470032,0.06265239417552948,0.3999883234500885,1.990000100704492e-06,-6.309999776021868e-07,0.006626563146710396,0.9999780654907227
0.7362933158874512,-0.3342027962207794,0.2574348747730255,0.9775545597076416,-0.07927022874355316,-0.11817437410354614,-0.10684425383806229,0.7363001108169556,0.35657361149787903,0.259056955575943,0.980494499206543,0.06366411596536636,-0.13416440784931183,-0.10734383016824722,0.9130443334579468,0.00903252512216568,0.39786458015441895,-0.0002812538587022573,-0.000152493710629642,-0.0027481934521347284,0.9958246350288391,4.081082920492918e-07,1.4500042766485421e-07,5.232659106013671e-08,7.502866310460377e-07,1.0645045733781444e-08,4.755084770380336e-09,1.9401420914277878e-08,3.387367826235277e-07,9.056023486664344e-08,6.486068571120995e-08,6.833676025053137e-07,5.445258910441453e-09,2.182451552812381e-08,9.021000835218729e-09,6.172241455715266e-07,3.3063207727224153e-09,8.907195336860241e-08,2.861253012298448e-09,2.2392503407075992e-09,2.017696898448662e-09,7.310097771551227e-07,0.7402874827384949,-0.3138698935508728,0.26283180713653564,0.9848081469535828,-0.053287360817193985,-0.12161719799041748,-0.11190444976091385,0.740420401096344,0.38524627685546875,0.2627633213996887,0.9811662435531616,0.08558215945959091,-0.13408029079437256,-0.11190444976091385,0.9150947332382202,0.037969037890434265,0.3999892771244049,9.309999882134434e-07,1.5699999948992627e-06,0.00697107519954443,0.9999756813049316
0.7363580465316772,-0.3343111574649811,0.257524698972702,0.9777730703353882,-0.07935003936290741,-0.11821527034044266,-0.10685648024082184,0.7363404631614685,0.3567422330379486,0.2591129243373871,0.980717658996582,0.06375499069690704,-0.13426999747753143,-0.10735859721899033,0.913237452507019,0.008980452083051205,0.39792636036872864,-0.0002757995098363608,-0.00012949798838235438,-0.002802130999043584,0.995903730392456,3.041662353098218e-07,1.0769867486715157e-07,3.8620076026063543e-08,5.702262910745048e-07,8.278611574041861e-09,3.5221512373340147e-09,1.394598925230639e-08,2.5500929723420995e-07,6.841799660151082e-08,4.708458334334864e-08,5.16314571541443e-07,3.653836788686249e-09,1.5543253795158307e-08,6.880686242993761e-09,4.6688109023307334e-07,2.479047189751782e-09,6.760648574299921e-08,1.5870861291844562e-09,1.6238389521916474e-09,1.2165939367037026e-09,5.504308546733228e-07,0.7702926993370056,-0.34735000133514404,0.2632949650287628,0.9862151741981506,-0.07309035956859589,-0.10458829998970032,-0.10535021871328354,0.7703244090080261,0.347360223531723,0.26292136311531067,0.9858137369155884,0.05224022641777992,-0.11906307935714722,-0.10535021871328354,0.9506496787071228,-0.0020960329566150904,0.39995667338371277,0.0003151090058963746,-0.0005674849962815642,-0.0004122300015296787,0.9999997019767761
0.7655681371688843,-0.3455052375793457,0.29712843894958496,0.9811638593673706,-0.07563117891550064,-0.11303439736366272,-0.10396376252174377,0.7664560079574585,0.34840694069862366,0.29727688431739807,0.978257417678833,0.04890286922454834,-0.12706546485424042,-0.10474221408367157,0.9401922225952148,-0.0029641592409461737,0.40073999762535095,-0.0015622549690306187,-0.004900606814771891,-5.08014127262868e-05,0.9923326969146729,2.0155375750618987e-05,5.237379809841514e-06,1.3216541447036434e-05,3.1401898013427854e-05,3.343269099786994e-06,1.6185393860723707e-06,5.018277988710906e-06,2.1181005649850704e-05,1.0110028597409837e-05,1.3013768693781458e-05,2.3975422664079815e-05,5.572122972807847e-06,4.011360033473466e-06,2.496526121831266e-06,3.405194001970813e-05,5.707314812752884e-06,1.2427126421243884e-05,7.626349088241113e-06,3.5013194974453654e-06,7.210310286609456e-06,3.726326394826174e-05,0.7704718708992004,-0.3473863899707794,0.2861799895763397,0.9860791563987732,-0.07322283834218979,-0.10587872564792633,-0.10524289309978485,0.770503580570221,0.34738996624946594,0.2858010530471802,0.985676646232605,0.05211791768670082,-0.12034261226654053,-0.10524289309978485,0.9499199390411377,-0.002043148037046194,0.3998388648033142,-7.650000043213367e-05,-0.00015919200086500496,-0.00035340499016456306,0.9999999403953552
0.7661499977111816,-0.34591493010520935,0.33807462453842163,0.9821518659591675,-0.07533825933933258,-0.11264042556285858,-0.10315219312906265,0.7676105499267578,0.3486414849758148,0.3378889560699463,0.9796161651611328,0.049535539001226425,-0.1259702891111374,-0.10502475500106812,0.9438050389289856,-0.003311928128823638,0.40508413314819336,-0.0015904821921139956,0.012506922706961632,-0.0005823130486533046,0.992650032043457,7.503300366806798e-06,2.1484033823071513e-06,8.06496973382309e-06,9.435016181669198e-06,9.703800287752529e-07,6.738146680618229e-07,1.0996741366398055e-06,5.9529547797865234e-06,2.844040864147246e-06,7.06652645021677e-06,7.033045221760403e-06,2.1148928226466523e-06,1.2804334801330697e-06,4.882872417510953e-07,8.325651833729353e-06,1.8205988681074814e-06,5.28804093846702e-06,2.042485675701755e-06,2.883106162698823e-06,2.271964149258565e-06,9.658431736170314e-06,0.7710930109024048,-0.34742704033851624,0.3205733299255371,0.9860619902610779,-0.0732143372297287,-0.10604313760995865,-0.10524383932352066,0.7711247205734253,0.34744012355804443,0.3202030658721924,0.9856561422348022,0.05209777504205704,-0.12049815058708191,-0.10524383932352066,0.9500618577003479,-0.002081116894260049,0.39992788434028625,-3.5000000934815034e-05,-1.6600000890321098e-05,-0.00032993400236591697,0.9999999403953552
0.765781581401825,-0.34582287073135376,0.3779485523700714,0.9820010662078857,-0.07552464306354523,-0.11395891010761261,-0.10238306224346161,0.7677065134048462,0.348166823387146,0.37796545028686523,0.9797924757003784,0.04974258318543434,-0.12598960101604462,-0.10461089015007019,0.9475749731063843,-0.0031943158246576786,0.41207799315452576,-0.0019760478753596544,0.06184925511479378,-0.0015894359676167369,0.9892762899398804,3.2280111099680653e-06,1.0639898846420692e-06,5.8527693909127265e-06,4.298316071071895e-06,6.492889497167198e-07,4.4345796368361334e-07,4.1918622173398035e-07,2.7413348107074853e-06,1.0532841088206624e-06,6.075474175304407e-06,2.6294851522834506e-06,7.994974566827295e-07,5.312748498909059e-07,2.5164092676277505e-07,3.820380243269028e-06,5.928218342887703e-07,3.210015847798786e-06,7.545417588517012e-07,7.217203346954193e-06,8.190344260583515e-07,3.989256128988927e-06,0.771573007106781,-0.3474448323249817,0.35872554779052734,0.9860714673995972,-0.07317653298377991,-0.1059647649526596,-0.10526005178689957,0.7716019749641418,0.3474806845188141,0.3583586812019348,0.9856615662574768,0.05210230126976967,-0.12041638046503067,-0.10526005178689957,0.9529932737350464,-0.002280520973727107,0.40320295095443726,-0.0002884090063162148,0.013973758555948734,-0.0011010069865733385,0.9999017119407654
0.7643505930900574,-0.34527388215065,0.4163072109222412,0.9809918999671936,-0.07530050724744797,-0.11382023990154266,-0.10226970165967941,0.7666608095169067,0.34758198261260986,0.41651979088783264,0.9784777760505676,0.04937821999192238,-0.1256100833415985,-0.10394985228776932,0.9494186639785767,-0.0023802081122994423,0.4169725179672241,-0.0026372792199254036,0.15187983214855194,-0.0013109211577102542,0.9769436120986938,1.5169415519267204e-06,5.323202003637562e-07,4.713049293059157e-06,2.5027627543749986e-06,4.324231781538401e-07,2.845849564891978e-07,1.685828294739622e-07,1.5799089396750787e-06,4.933452260047488e-07,5.514874374057399e-06,1.3371361546887783e-06,3.169318745221972e-07,2.598648904950096e-07,1.462768750570831e-07,2.0471852621994913e-06,2.2914024100373354e-07,2.178101340177818e-06,3.5837001632899046e-07,1.1932110282941721e-05,3.940185990813916e-07,2.2767105747334426e-06,0.771873414516449,-0.3474855422973633,0.39808425307273865,0.9860780835151672,-0.07318489998579025,-0.10583961009979248,-0.1053181141614914,0.7719079256057739,0.34752410650253296,0.39779210090637207,0.9856733679771423,0.05211656540632248,-0.12026245892047882,-0.1053181141614914,0.9623660445213318,-0.002476399065926671,0.41381677985191345,0.00017258200387004763,0.09328661113977432,-0.0006210239953361452,0.9956390857696533
0.7631486654281616,-0.3446999192237854,0.45549294352531433,0.980012059211731,-0.07557588815689087,-0.11307823657989502,-0.1021605134010315,0.76650071144104,0.3471902310848236,0.4562927186489105,0.9778875112533569,0.04927811026573181,-0.1249648779630661,-0.10389983654022217,0.9464589357376099,-0.000749661703594029,0.4301990866661072,-0.003991955891251564,0.23627181351184845,-0.00010744234168669209,0.9608035087585449,8.65069864630641e-07,3.3007330557666137e-07,4.4458811316872016e-06,1.7309272379861795e-06,2.647770713792852e-07,1.577434289856683e-07,7.991634021209393e-08,1.1308280818411731e-06,2.9200563744780084e-07,5.116414286021609e-06,9.771401892066933e-07,1.5441702316820738e-07,1.353294294403895e-07,9.015713686721938e-08,1.3062976904620882e-06,1.0574594000445359e-07,2.163613316952251e-06,1.9004396278887725e-07,7.071674190228805e-06,2.3215862654524244e-07,1.658326254982967e-06,0.7720587253570557,-0.3475222885608673,0.4379427433013916,0.9860965013504028,-0.07317580282688141,-0.10566435009241104,-0.1053280234336853,0.772109866142273,0.3475229740142822,0.43775084614753723,0.9856972694396973,0.052110083401203156,-0.12005335092544556,-0.1053280234336853,0.9616262316703796,-0.0004364399937912822,0.4181070029735565,-0.00236897193826735,0.2094583958387375,0.0002249349927296862,0.9778146743774414
0.7625958919525146,-0.3440496027469635,0.49564704298973083,0.9801253080368042,-0.07576780766248703,-0.113808773458004,-0.1025657057762146,0.7666651606559753,0.34704747796058655,0.49672624468803406,0.977187991142273,0.04916596785187721,-0.125199094414711,-0.10316786170005798,0.9438996911048889,5.35716644662898e-05,0.45672282576560974,-0.0049150423146784306,0.27704450488090515,0.0003235617186874151,0.9515236616134644,6.013967208673421e-07,2.3572471263832995e-07,4.4700336729874834e-06,1.2849926633862196e-06,1.6849904227456136e-07,8.984436306036514e-08,4.9212168562462466e-08,9.012897521643026e-07,1.8388654154932738e-07,4.848820935876574e-06,7.93879564753297e-07,8.380942517760559e-08,6.802586227649954e-08,5.735641650517209e-08,9.970302699002787e-07,6.223979909236732e-08,2.9272569008753635e-06,9.330970129894922e-08,1.8158933698941837e-06,1.425508600050307e-07,1.2867607210864662e-06,0.7721531391143799,-0.34759220480918884,0.4779444932937622,0.986179769039154,-0.07310590147972107,-0.1056324914097786,-0.10462690889835358,0.7722287178039551,0.3476487398147583,0.47774744033813477,0.9857747554779053,0.052338965237140656,-0.11990417540073395,-0.10462690889835358,0.9503562450408936,0.00350752891972661,0.425603449344635,-0.004141253884881735,0.36038413643836975,0.001644180971197784,0.9327933192253113
0.763603150844574,-0.34404921531677246,0.5360416173934937,0.9815611243247986,-0.07656451314687729,-0.1148323193192482,-0.10293184220790863,0.7682298421859741,0.3475596010684967,0.5369916558265686,0.9786092638969421,0.048905808478593826,-0.12647321820259094,-0.10342328250408173,0.9448587894439697,1.0912865946011152e-05,0.4929773807525635,-0.0050026229582726955,0.2846967279911041,0.000373112183297053,0.9512913227081299,4.5494340383811505e-07,1.7420850895177864e-07,4.1952403080358636e-06,9.713993449622649e-07,1.0690116170053443e-07,5.7351190463350576e-08,3.2884724276982524e-08,6.819613531661162e-07,1.1589905568598624e-07,4.404796527524013e-06,6.541998800457804e-07,4.928638475121261e-08,3.8817983494254804e-08,3.8543866764939594e-08,8.372943511858466e-07,4.571381140294761e-08,3.4360057270532707e-06,4.522292229580671e-08,4.950408651893667e-07,9.279332147116293e-08,1.1013410130544798e-06,0.7721659541130066,-0.34776103496551514,0.5179684162139893,0.986251711845398,-0.07313953340053558,-0.10574979335069656,-0.10380344092845917,0.7722315192222595,0.3480706512928009,0.517799437046051,0.9858173131942749,0.052822258323431015,-0.11992637068033218,-0.10380344092845917,0.9437537789344788,0.005568151827901602,0.4548329710960388,-0.003826811909675598,0.42400482296943665,0.0022167949937283993,0.9056491255760193
0.7645252346992493,-0.3442302644252777,0.5754780769348145,0.9829962849617004,-0.07686099410057068,-0.11509601771831512,-0.10318052768707275,0.7693451046943665,0.34800225496292114,0.5762950778007507,0.9800429344177246,0.048729296773672104,-0.12712493538856506,-0.10354570299386978,0.9460189938545227,-0.0004196213267277926,0.5326653122901917,-0.005085216835141182,0.28259313106536865,0.00028881061007268727,0.953805148601532,3.516818196658278e-07,1.1971950186762115e-07,4.03465719500673e-06,7.412534728246101e-07,6.459952572868133e-08,3.795559422314909e-08,2.354942729709819e-08,4.828437454307277e-07,7.583476246963983e-08,4.183807959634578e-06,5.272177077131346e-07,3.0397046657526516e-08,1.96459488677192e-08,2.6559622057220622e-08,7.073531946844014e-07,3.364464973287795e-08,3.5890368508262327e-06,2.460416936855836e-08,2.88277050231045e-07,6.057475587795125e-08,8.546675758225319e-07,0.772222101688385,-0.347655326128006,0.5583134889602661,0.9861961007118225,-0.07319476455450058,-0.10526362806558609,-0.10478215664625168,0.7722659111022949,0.3480198085308075,0.5580638647079468,0.9857364296913147,0.05289027467370033,-0.11969445645809174,-0.10478215664625168,0.9471647143363953,0.00591552397236228,0.5004376173019409,-0.003865098115056753,0.39550215005874634,0.0021197039168328047,0.9184544682502747
0.7649956345558167,-0.34400904178619385,0.6163651943206787,0.9842557907104492,-0.07692140340805054,-0.11505039781332016,-0.10350722819566727,0.7699940800666809,0.3481861352920532,0.6171585321426392,0.9806525707244873,0.04884038120508194,-0.1268208920955658,-0.10331513732671738,0.9469862580299377,-0.000687034975271672,0.5740168690681458,-0.0052947960793972015,0.28255996108055115,-0.00020820586360059679,0.9549335837364197,2.7605923946794064e-07,8.289390507343342e-08,4.326583621150348e-06,5.852978688380972e-07,4.1730853439503335e-08,2.5423924299161627e-08,1.7783447603392233e-08,3.5410479881647916e-07,5.166686634083817e-08,4.4234152483113576e-06,4.3183820253034355e-07,1.862508547390007e-08,1.0936638261682674e-08,1.8925137013070525e-08,5.942043799223029e-07,2.4003700360708535e-08,3.820265192189254e-06,1.5475142944865183e-08,2.974298070057557e-07,3.561162742471424e-08,6.212766834323702e-07,0.7722486257553101,-0.3476136028766632,0.598645031452179,0.9861876368522644,-0.07319725304841995,-0.10497858375310898,-0.10514536499977112,0.7722761034965515,0.3483833372592926,0.5983372330665588,0.985746443271637,0.052471794188022614,-0.11940409243106842,-0.10514536499977112,0.9527292847633362,0.0064329588785767555,0.550844669342041,-0.003954804036766291,0.33916640281677246,0.001984165981411934,0.9407159686088562
0.7653286457061768,-0.3438638150691986,0.6602742075920105,0.9855212569236755,-0.0774552971124649,-0.11525589227676392,-0.10393112897872925,0.7710631489753723,0.34805789589881897,0.6610002517700195,0.9810317754745483,0.04921218380331993,-0.12670324742794037,-0.10324712097644806,0.9478306174278259,-0.0008820517105050385,0.6169544458389282,-0.005531864240765572,0.28658705949783325,-0.0008953350479714572,0.9548223614692688,2.3561325690479862e-07,6.777246142064541e-08,4.667404482461279e-06,4.849744641433062e-07,2.9926855660278306e-08,1.879308086927267e-08,1.233872382044865e-08,2.900682147810585e-07,3.7579226841444324e-08,4.727056875708513e-06,3.7872027291996346e-07,1.1013058909270512e-08,9.566243797110019e-09,1.3629543715865111e-08,5.068883979220118e-07,1.640297853100492e-08,3.994462986156577e-06,1.1097637475643296e-08,3.6747169929185475e-07,2.0095145103482537e-08,4.884073518951482e-07,0.7721888422966003,-0.34782513976097107,0.6389358639717102,0.9861763715744019,-0.07345126569271088,-0.1047709733247757,-0.10528139770030975,0.7723243236541748,0.3477279543876648,0.6386386156082153,0.9858737587928772,0.051070988178253174,-0.11907165497541428,-0.10528139770030975,0.9575011730194092,0.006150063127279282,0.6039168834686279,-0.00397779606282711,0.2697083353996277,0.0016158439684659243,0.9629324674606323
0.7670698165893555,-0.3445032238960266,0.7037903070449829,0.9878360033035278,-0.07824917882680893,-0.11641481518745422,-0.10425947606563568,0.7732492685317993,0.34839263558387756,0.7041433453559875,0.9831253290176392,0.0494336299598217,-0.12822741270065308,-0.10352178663015366,0.949885368347168,-0.0012148868991062045,0.6583926677703857,-0.005664644297212362,0.29286205768585205,-0.000980644952505827,0.9562627077102661,2.3506514423843328e-07,5.838035121996654e-08,3.916736659448361e-06,4.343746411450411e-07,1.987380038315223e-08,2.003098487080024e-08,7.846739258354773e-09,2.501821256828407e-07,3.221726174729156e-08,3.938996997021604e-06,3.7274219266691944e-07,6.573660282782612e-09,2.00418845963668e-08,1.0602533073722498e-08,4.683517715875496e-07,1.051281284247807e-08,3.3011369851010386e-06,8.036474596906373e-09,3.383080979801889e-07,1.4389787139634791e-08,4.4813430122303544e-07,0.7721657156944275,-0.3476791977882385,0.679187536239624,0.9861980676651001,-0.07334645837545395,-0.10466570407152176,-0.10525594651699066,0.7722622156143188,0.347544401884079,0.6788447499275208,0.9858536720275879,0.05142621695995331,-0.11904553323984146,-0.10525594651699066,0.9610840678215027,0.0062956600449979305,0.6567484140396118,-0.002198816044256091,0.21934500336647034,0.001059978036209941,0.9756442904472351
0.7691227197647095,-0.34477484226226807,0.7357261180877686,0.9898772835731506,-0.07862183451652527,-0.11830370128154755,-0.1045958548784256,0.7747347950935364,0.34891968965530396,0.7360308170318604,0.9855585694313049,0.04901304841041565,-0.13068020343780518,-0.1038350760936737,0.9520736336708069,-0.001491811010055244,0.6890063881874084,-0.005371943581849337,0.2963894009590149,-0.00029165795422159135,0.9580633640289307,1.6851484474500467e-07,3.3044070590904084e-08,1.730749772832496e-06,3.2023143603510107e-07,9.809769885293917e-09,1.864896503889213e-08,5.417470916313505e-09,1.7184999023811542e-07,2.5989008278770598e-08,1.8557792600404355e-06,2.7297139126858383e-07,5.846403805520595e-09,1.653083536723443e-08,8.580665955548739e-09,3.5319084190632566e-07,6.502237415162426e-09,1.5022612842585659e-06,5.581721307379439e-09,1.5028128075300629e-07,9.81482894957253e-09,3.20833407840837e-07,0.7506309151649475,-0.3469081521034241,0.9115550518035889,0.9689885973930359,-0.04013484716415405,0.23010453581809998,-0.08063645660877228,0.7510467171669006,0.344082772731781,0.9118582010269165,0.9643225073814392,0.08496401458978653,0.21715116500854492,-0.08063645660877228,0.9241341948509216,0.0036802049726247787,0.9669984579086304,0.00031411900999955833,0.10652068257331848,-0.00020154799858573824,0.9943104386329651
1.1660411357879639,-0.4654865562915802,1.0029762983322144,1.2606478929519653,-0.04011639580130577,0.23325584828853607,-0.037182483822107315,1.1732077598571777,0.44267553091049194,1.033961534500122,1.2436658143997192,0.1271282136440277,0.2139759063720703,-0.03643329069018364,1.4429161548614502,-0.01816740445792675,1.1768701076507568,-0.04353127256035805,0.02839036099612713,-0.02882271632552147,1.3089520931243896,0.010478509590029716,0.0010060297790914774,0.0033679420594125986,0.009179223328828812,0.0003448476199992001,0.000472881190944463,0.00098194379825145,0.009720178321003914,0.001616990426555276,0.0044211954809725285,0.008260178379714489,0.00034053571289405227,0.00039536281838081777,0.0007145440904423594,0.018082911148667336,0.00028896582080051303,0.0054909600876271725,0.00037885826895944774,0.0006089996313676238,0.0003712204343173653,0.0078111556358635426,0.7956084609031677,-0.34565719962120056,0.9171828627586365,0.9684519171714783,-0.0388190932571888,0.23215103149414062,-0.0818529948592186,0.7957825660705566,0.3432087302207947,0.9178671836853027,0.9641261696815491,0.08421855419874191,0.21990445256233215,-0.0818529948592186,0.971423864364624,0.0034280589316040277,0.9852027893066406,0.0007202959968708456,0.043414805084466934,-0.0002480529947206378,0.9990568161010742
1.1023943424224854,-0.4287703037261963,0.937010645866394,1.14319908618927,-0.03553168848156929,0.20008310675621033,-0.013667894527316093,1.1084681749343872,0.40097975730895996,0.9668564200401306,1.1324281692504883,0.10735668241977692,0.1988515704870224,-0.039633702486753464,1.3400541543960571,-0.007159009575843811,1.080011248588562,-0.028472835198044777,0.0529436320066452,-0.00727591710165143,1.184150218963623,0.003905106568709016,0.0005178626743145287,0.0011514415964484215,0.003290241351351142,0.0001001332639134489,0.0002262167981825769,0.0005909385508857667,0.003680649446323514,0.000647203647531569,0.0014352764701470733,0.0032769697718322277,7.120695954654366e-05,0.00016373344988096505,0.0004910878487862647,0.007301631383597851,7.120211375877261e-05,0.0020761259365826845,0.00010279094567522407,0.00016817754658404738,6.305036367848516e-05,0.0033526946790516376,0.8685765862464905,-0.3464452922344208,0.9175260066986084,0.9688783288002014,-0.03932309150695801,0.22950085997581482,-0.0840107873082161,0.8685502409934998,0.34292712807655334,0.9186639189720154,0.9651497006416321,0.0832783505320549,0.21795345842838287,-0.0840107873082161,1.045655369758606,0.0022699679248034954,0.991715669631958,0.001799335004761815,0.008470573462545872,5.549999968934571e-06,0.9999625086784363
1.127403736114502,-0.3930818736553192,0.7939735054969788,1.085748314857483,-0.04405795410275459,0.1285521388053894,-0.008831767365336418,1.11348557472229,0.37814781069755554,0.8306562304496765,1.072260856628418,0.09122846275568008,0.14993849396705627,-0.02661873586475849,1.336890697479248,-0.002617337042465806,0.9222093224525452,-0.0019996603950858116,0.06685545295476913,0.0021554736886173487,1.1065948009490967,0.00149273790884763,0.0002283717185491696,0.0007826468790881336,0.001299399184063077,4.6340603148564696e-05,0.0001400104956701398,0.0003072005929425359,0.0015390035696327686,0.00026328483363613486,0.0008215631823986769,0.0014277317095547915,2.6757705199997872e-05,0.00011919617827516049,0.00025663457927294075,0.0028400267474353313,2.9804190489812754e-05,0.0010415335418656468,5.400864392868243e-05,7.45037104934454e-05,2.747331564023625e-05,0.0014609264908358455,0.956602156162262,-0.3524303436279297,0.9096733331680298,0.9683896899223328,-0.045262716710567474,0.22183814644813538,-0.10469240695238113,0.9571192860603333,0.34283438324928284,0.914535403251648,0.9685052037239075,0.0844065472483635,0.2107437700033188,-0.10469240695238113,1.1382004022598267,0.0011414389591664076,0.9824656844139099,0.0050249709747731686,0.010094906203448772,0.0013990480219945312,0.9999354481697083
1.159114956855774,-0.3699638545513153,0.6064016819000244,1.0461115837097168,-0.04994095489382744,0.05095239728689194,-0.010310573503375053,1.1529614925384521,0.35932809114456177,0.6383181810379028,1.041576862335205,0.07345983386039734,0.07272685319185257,-0.020820850506424904,1.3639990091323853,-0.00043683257536031306,0.7801627516746521,-0.007830381393432617,0.025555023923516273,-0.004427422769367695,1.0635508298873901,0.0007416778244078159,0.00010943915549432859,0.0006673221942037344,0.0006640783394686878,2.1650264898198657e-05,8.820410585030913e-05,0.00014438854123000056,0.0008476455695927143,0.0001338434813078493,0.0006495060515590012,0.000761208008043468,1.7037416910170577e-05,9.778008825378492e-05,0.00014004162221681327,0.0014662722824141383,2.1516123524634168e-05,0.0006338396924547851,3.24386746797245e-05,5.6236243835883215e-05,1.5045920918055344e-05,0.0007810652605257928,1.0083423852920532,-0.36157774925231934,0.8620014786720276,0.9716669917106628,-0.04926874488592148,0.21137848496437073,-0.09356788545846939,1.0095493793487549,0.34742289781570435,0.8646230101585388,0.9700384140014648,0.08345699310302734,0.19876110553741455,-0.09356788545846939,1.2100982666015625,0.012440098449587822,0.9301525354385376,0.005947405938059092,0.004594128113240004,0.030683234333992004,0.9995009303092957
1.1497892141342163,-0.35681045055389404,0.5486626625061035,1.0235008001327515,-0.05202336609363556,0.040300555527210236,-0.016027599573135376,1.1480950117111206,0.34712618589401245,0.5842338800430298,1.022928237915039,0.0677245482802391,0.06083032116293907,-0.024318715557456017,1.3510503768920898,0.0006381962448358536,0.7405293583869934,-0.007287509273737669,0.0159138273447752,-0.003765904577448964,1.0393626689910889,0.0004989102017134428,6.445075268857181e-05,0.00032191170612350106,0.00038976193172857165,1.0319254215573892e-05,2.7449057597550564e-05,8.549318590667099e-05,0.0005932463682256639,7.960353104863316e-05,0.0002446143189445138,0.0004710274515673518,1.0583550647425e-05,2.8660131647484377e-05,8.039435488171875e-05,0.0009639674099162221,1.5309706213884056e-05,0.00025532476138323545,2.0318511815275997e-05,2.753779881459195e-05,8.987732144305483e-06,0.0004773409746121615,1.0496968030929565,-0.352979451417923,0.7857703566551208,0.9786806702613831,-0.04579983279109001,0.18277326226234436,-0.08173438906669617,1.0505598783493042,0.3421488106250763,0.7869704365730286,0.9745790362358093,0.07710147649049759,0.17176544666290283,-0.08173438906669617,1.2843292951583862,0.021270176395773888,0.832809329032898,0.011934435926377773,0.043827254325151443,0.0742899551987648,0.9962016344070435
1.135460376739502,-0.3498349189758301,0.5252317786216736,1.0066440105438232,-0.054310284554958344,0.04428400844335556,-0.019831962883472443,1.1359740495681763,0.34005630016326904,0.5630265474319458,1.0076372623443604,0.06708551943302155,0.0646432638168335,-0.02472195215523243,1.3333280086517334,-0.00011404405813664198,0.7232757210731506,-0.00396742345765233,0.014909268356859684,-0.0014642374590039253,1.0210118293762207,0.00032690787338651717,4.00093304051552e-05,0.00021488209313247353,0.00024972372921183705,6.390378075593617e-06,1.8222817743662745e-05,5.531928763957694e-05,0.0004035750753246248,5.5274136684602126e-05,0.0001405201619490981,0.0003046112833544612,7.855078365537338e-06,1.5044083738757763e-05,5.1718354370677844e-05,0.0006351643241941929,1.0203892998106312e-05,0.00013179310190025717,1.4302656381914858e-05,1.8031689251074567e-05,5.148464879312087e-06,0.00030949414940550923,1.0840208530426025,-0.3411693572998047,0.6966564059257507,0.9851139187812805,-0.04375234991312027,0.14746716618537903,-0.0767444595694542,1.0861053466796875,0.3370230793952942,0.6912384629249573,0.9801579713821411,0.07098748534917831,0.13418738543987274,-0.0767444595694542,1.341921329498291,0.027887815609574318,0.7201007604598999,0.02255864627659321,0.058217622339725494,0.1053420901298523,0.9924741387367249
1.1265257596969604,-0.3449973165988922,0.512398362159729,0.9953351616859436,-0.05604790896177292,0.05035944655537605,-0.017881076782941818,1.1269810199737549,0.33548760414123535,0.551551342010498,0.9974337816238403,0.06740869581699371,0.07021193951368332,-0.021109115332365036,1.3213284015655518,-0.0012521779863163829,0.7138020992279053,-0.0008722739294171333,0.014097052626311779,-0.00025484649813733995,1.0091489553451538,0.00022742809960618615,2.714926995395217e-05,0.00016549158317502588,0.000167780919582583,4.409961093188031e-06,1.6966929251793772e-05,3.432572339079343e-05,0.0002837351930793375,4.104261097381823e-05,9.702799434307963e-05,0.0002095384115818888,5.931114628765499e-06,1.0645143447618466e-05,3.5017299524042755e-05,0.00044342351611703634,7.120771897461964e-06,7.693427323829383e-05,9.806982234294992e-06,1.1613149581535254e-05,3.2152543099073227e-06,0.00021356448996812105,1.109802484512329,-0.3355603516101837,0.5966660976409912,0.9925383925437927,-0.05228978395462036,0.10529497265815735,-0.0323471762239933,1.110756278038025,0.33316051959991455,0.5929961800575256,0.9849456548690796,0.06584566086530685,0.09466917812824249,-0.0323471762239933,1.3682736158370972,0.025620074942708015,0.6980187892913818,-0.00011134600208606571,-0.0016465119551867247,0.10973559319972992,0.9939594268798828
1.1212471723556519,-0.34059613943099976,0.5017525553703308,0.9877520203590393,-0.05846837908029556,0.0539659783244133,0.004263661336153746,1.1211897134780884,0.3311753273010254,0.5429505705833435,0.9913080930709839,0.0681724101305008,0.0751074030995369,0.0018977627623826265,1.3127937316894531,-0.0021581342443823814,0.7085325717926025,0.0007073018350638449,0.012155519798398018,0.000684866972733289,1.003065824508667,0.00016373056860174984,1.9168344806530513e-05,0.0001357539586024359,0.00011462832480901852,3.1757308533997275e-06,1.552428693685215e-05,3.3903572330018505e-05,0.00019849272212013602,2.9740682293777354e-05,7.434033614117652e-05,0.00014728365931659937,4.137001269555185e-06,8.367439477297012e-06,4.154176713200286e-05,0.0003097693552263081,5.124923518451396e-06,5.0213257054565474e-05,6.163549642224098e-06,7.926131729618646e-06,2.0906770714645972e-06,0.00015111510583665222,1.125892996788025,-0.33036625385284424,0.48286959528923035,0.9874321222305298,-0.06501975655555725,0.04816621541976929,0.13575789332389832,1.1235008239746094,0.3284180760383606,0.509279191493988,0.9871141910552979,0.06440527737140656,0.06160740926861763,0.13575789332389832,1.3840118646621704,0.02241474948823452,0.6990654468536377,-0.00011904099665116519,-0.001093992032110691,0.11464020609855652,0.9934064745903015
1.121368646621704,-0.3364395201206207,0.486696720123291,0.9802209734916687,-0.06051214039325714,0.05053910240530968,0.07764533162117004,1.121163010597229,0.3280482888221741,0.5332450270652771,0.9892928600311279,0.06772181391716003,0.07737365365028381,0.07463107258081436,1.3118444681167603,-0.004478083457797766,0.705344021320343,4.835873914998956e-05,0.009782219305634499,0.0028113878797739744,1.0024398565292358,0.00011785165406763554,1.3439054782793391e-05,0.00010795348498504609,7.94772058725357e-05,2.5906899736583e-06,1.379903460474452e-05,0.00020640352158807218,0.00013631746696773916,2.0708881493192166e-05,5.839940786245279e-05,0.00010234791261609644,2.8708593617920997e-06,7.08376273905742e-06,0.00021431731875054538,0.00021178342285566032,3.779428652705974e-06,3.528641173033975e-05,3.9759556784702e-06,5.74390423935256e-06,1.505658929090714e-06,0.0001062974552041851,1.128186821937561,-0.32591694593429565,0.3535982668399811,0.940381646156311,-0.056530099362134933,-0.016860922798514366,0.3349663019180298,1.1285046339035034,0.3245773911476135,0.4419552683830261,0.9876260757446289,0.06397591531276703,0.03928101435303688,0.3349663019180298,1.3893465995788574,0.01889216899871826,0.6995104551315308,-0.00016040100308600813,-0.001002958044409752,0.11537034064531326,0.9933220148086548
1.1241304874420166,-0.33283117413520813,0.4681549370288849,0.9617146253585815,-0.06010497733950615,0.04139827936887741,0.18703198432922363,1.1230911016464233,0.3256533145904541,0.5244353413581848,0.9899721145629883,0.06625886261463165,0.07995571941137314,0.1850815862417221,1.314701795578003,-0.004829345270991325,0.7034432291984558,-0.0015267821727320552,0.008330198936164379,0.004922916647046804,1.0041835308074951,8.692929259268567e-05,1.0306406693416648e-05,7.695130625506863e-05,6.794755609007552e-05,2.596146714495262e-06,1.1473382073745597e-05,0.0003686919226311147,9.59553726715967e-05,1.4459254998655524e-05,4.6845882025081664e-05,7.184051355579868e-05,2.247162001367542e-06,7.913593435660005e-06,0.0003916040004696697,0.00015118949522729963,2.980200406454969e-06,2.640451566549018e-05,2.473547056069947e-06,4.146859282627702e-06,1.2523851182777435e-06,7.739883585600182e-05,1.128239631652832,-0.32332298159599304,0.357883095741272,0.8776670694351196,-0.05850140005350113,-0.013849476352334023,0.47548535466194153,1.1290560960769653,0.3248530626296997,0.3870161473751068,0.9883573651313782,0.061990562826395035,0.022670814767479897,0.47548535466194153,1.3896243572235107,0.01871502958238125,0.699795126914978,-0.00020784299704246223,-0.0014285549987107515,0.1152818575501442,0.993331789970398
1.1260820627212524,-0.32998716831207275,0.44437864422798157,0.9276642799377441,-0.058044254779815674,0.03008235991001129,0.2954236567020416,1.1237845420837402,0.32369670271873474,0.5194303393363953,0.9898913502693176,0.06524591147899628,0.08398070186376572,0.2950499355792999,1.3179265260696411,-0.004166821483522654,0.7016807794570923,-0.00232935999520123,0.007741278503090143,0.007321270182728767,1.0044660568237305,6.579594628419727e-05,7.85852171247825e-06,4.148392690694891e-05,8.062033157330006e-05,2.3861682620918145e-06,9.831926035985816e-06,0.00044275421532802284,6.885317270644009e-05,9.691700142866466e-06,3.636116161942482e-05,4.877252285950817e-05,1.668682784838893e-06,8.031879588088486e-06,0.00045270725968293846,0.00011274575808783993,1.9312608401378384e-06,1.9010714822798036e-05,1.2866739780292846e-06,2.862562951122527e-06,1.9522176444297656e-06,5.550687274080701e-05,1.1280827522277832,-0.32378721237182617,0.3589349091053009,0.8352564573287964,-0.0607849657535553,-0.011758443899452686,0.546363890171051,1.1275743246078491,0.3241721987724304,0.3471475839614868,0.9893691539764404,0.0584084689617157,0.010876333341002464,0.546363890171051,1.3889477252960205,0.018031103536486626,0.6999333500862122,-0.00023843199596740305,-0.0017761349445208907,0.11675529927015305,0.9931591153144836
1.1319286823272705,-0.32880550622940063,0.41554713249206543,0.892540454864502,-0.054207779467105865,0.017191585153341293,0.3880576193332672,1.1287065744400024,0.32494843006134033,0.5193018317222595,0.9917882084846497,0.06429408490657806,0.0886811763048172,0.3873775005340576,1.3276206254959106,-0.005763838067650795,0.701755702495575,-0.0023597157560288906,0.008104934357106686,0.012924911454319954,1.006542444229126,5.485490328283049e-05,5.591286935668904e-06,2.701805169635918e-05,7.430857658619061e-05,9.469186466048995e-07,1.1065651051467285e-05,0.0003941656032111496,5.248980232863687e-05,7.236525107146008e-06,2.8645627025980502e-05,3.501545143080875e-05,1.1010582738890662e-06,8.086144589469768e-06,0.00039536875556223094,9.258039062842727e-05,1.1762177791752038e-06,1.2969087038072757e-05,6.404230248335807e-07,1.7568889916219632e-06,5.057674115960253e-06,4.1099603549810126e-05,1.127882480621338,-0.3206895589828491,0.3584029972553253,0.8036921620368958,-0.062176257371902466,-0.006040033884346485,0.5917571187019348,1.1272375583648682,0.31914427876472473,0.34219682216644287,0.9903942346572876,0.05414712801575661,0.016970578581094742,0.5917571187019348,1.393259882926941,0.013303630985319614,0.7001874446868896,0.0003170240088365972,-0.00010550300066825002,0.12136795371770859,0.9926075339317322
1.0154496431350708,-0.3010297417640686,0.3911987543106079,0.8874015212059021,-0.061684492975473404,0.06609002500772476,-0.022466078400611877,1.0139312744140625,0.2936314642429352,0.4724111557006836,0.8837275505065918,0.06929202377796173,0.09330812841653824,-0.027734478935599327,1.1445975303649902,-0.015566101297736168,0.6439555287361145,-0.013122038915753365,-0.046218618750572205,0.002493299311026931,0.9058115482330322,0.00011121077841380611,1.6765001419116743e-05,1.8935721527668647e-05,0.00012391360360197723,1.7060565369320102e-05,1.1145729331474286e-05,0.00018293004541192204,0.00011116736277472228,2.0342471543699503e-05,6.835648673586547e-05,9.654467430664226e-05,8.762509423831943e-06,1.569125561218243e-05,0.00017069307796191424,0.0002912528289016336,6.795440640416928e-06,2.0769322873093188e-05,1.0485977327334695e-05,8.485486614517868e-05,5.317572686180938e-06,0.0001000089687295258,1.1266438961029053,-0.32099348306655884,0.3547171950340271,0.7981146574020386,-0.06933972239494324,0.0007646270096302032,0.5985018014907837,1.1257309913635254,0.3207831382751465,0.342874139547348,0.9898194074630737,0.06007065623998642,0.03279881924390793,0.5985018014907837,1.3909595012664795,0.015496136620640755,0.6999549865722656,8.649999654153362e-05,3.110000034212135e-05,0.1214323341846466,0.9925997257232666
1.032148838043213,-0.3017166554927826,0.38227608799934387,0.9112116098403931,-0.06378775835037231,0.07017331570386887,-0.011231135576963425,1.0335224866867065,0.30373141169548035,0.45911577343940735,0.9019520878791809,0.06462325900793076,0.09310910105705261,-0.016123091802001,1.168489694595337,-0.010274027474224567,0.6542556881904602,-0.008750036358833313,-0.0467512346804142,0.0008696698932908475,0.9294244647026062,5.909886021981947e-05,1.185435576189775e-05,8.296598025481217e-06,7.54104257794097e-05,5.23454127687728e-06,4.7979010560084134e-06,0.00018128998635802418,7.344174809986725e-05,6.884468348289374e-06,3.513439150992781e-05,6.765715806977823e-05,2.9576501674455358e-06,8.65693436935544e-06,0.00014946098963264376,0.00020424880494829267,2.629985601743101e-06,1.564458762004506e-05,3.8067917103035143e-06,5.8748515584738925e-05,1.697300490377529e-06,4.94650230393745e-05,1.125502586364746,-0.3211442530155182,0.35081857442855835,0.7878496050834656,-0.07439125329256058,0.005174025893211365,0.6113364100456238,1.1254271268844604,0.32050278782844543,0.3429115116596222,0.9887315630912781,0.05924255773425102,0.03634181246161461,0.6113364100456238,1.3904833793640137,0.01554323360323906,0.6999664306640625,1.5699999494245276e-05,-9.699999645818025e-05,0.12199243158102036,0.9925310015678406
1.0525832176208496,-0.30905967950820923,0.37290897965431213,0.9367763996124268,-0.06344728171825409,0.07693782448768616,-0.021906206384301186,1.0563446283340454,0.30650490522384644,0.4429221749305725,0.9230750799179077,0.06741063296794891,0.0990261659026146,-0.022646678611636162,1.1979835033416748,-0.010619092732667923,0.6684486865997314,-0.007754053454846144,-0.04530293866991997,0.002060845261439681,0.9538499116897583,4.95225795020815e-05,7.550208010798087e-06,4.691571120929439e-06,5.349105049390346e-05,3.628721515269717e-06,4.45193882114836e-06,0.00019743983284570277,5.761138163506985e-05,4.660600552597316e-06,1.9023609638679773e-05,4.703492595581338e-05,1.7605843822821043e-06,6.031803877704078e-06,0.00017536497034598142,0.00016237361705861986,1.616467557141732e-06,1.3424358257907443e-05,1.8116245428245747e-06,3.6305402318248525e-05,1.0137902108908747e-06,3.524061321513727e-05,1.1242541074752808,-0.3208937644958496,0.3437875211238861,0.7738085985183716,-0.07727943360805511,0.007631156127899885,0.6286413669586182,1.1247923374176025,0.32034093141555786,0.3432322144508362,0.9878882169723511,0.05953032150864601,0.043018534779548645,0.6286413669586182,1.3898030519485474,0.015721313655376434,0.6999881267547607,7.93999970483128e-06,-1.739999970595818e-05,0.12265577912330627,0.9924492835998535
1.0720970630645752,-0.3143882155418396,0.36435091495513916,0.9557657241821289,-0.06185562163591385,0.0868905633687973,-0.0354594886302948,1.078666090965271,0.3108295798301697,0.4288944900035858,0.9417176246643066,0.07110116630792618,0.10663273185491562,-0.03420376777648926,1.2284623384475708,-0.010298041626811028,0.6778106689453125,-0.007853693328797817,-0.039058081805706024,0.004637216683477163,0.9719154834747314,3.185687091900036e-05,4.119218829146121e-06,2.4161315650417237e-06,3.2564694265602157e-05,2.898023467423627e-06,4.035949586977949e-06,0.0002055544318864122,3.584206569939852e-05,3.251120233471738e-06,9.319926903117448e-06,2.741209937084932e-05,9.999489520851057e-07,4.043446551804664e-06,0.0001945895201060921,0.00010922626097453758,1.0845880069609848e-06,8.330820492119528e-06,1.0093486935147666e-06,2.3704174964223057e-05,8.855786290951073e-07,2.0352588762762025e-05,1.1236118078231812,-0.3206438422203064,0.34405896067619324,0.7598607540130615,-0.08085664361715317,0.011394682340323925,0.6449372172355652,1.123918056488037,0.32015639543533325,0.3438185155391693,0.9874745011329651,0.06025024875998497,0.05155444145202637,0.6449372172355652,1.3889102935791016,0.01596790738403797,0.6999885439872742,6.969999958528206e-06,-2.959999960694404e-07,0.12335634976625443,0.9923624396324158
1.0843311548233032,-0.31812185049057007,0.3558136224746704,0.9663224220275879,-0.060614485293626785,0.09789484739303589,-0.0481802336871624,1.0928843021392822,0.31425878405570984,0.4146638810634613,0.9533064365386963,0.07326087355613708,0.11433859914541245,-0.04700714349746704,1.251894235610962,-0.009684239514172077,0.6820909976959229,-0.00757091399282217,-0.029630238190293312,0.007670798804610968,0.9810716509819031,1.8780916434479877e-05,2.145854068658082e-06,1.1320914836687734e-06,1.999691448872909e-05,2.4080395633063745e-06,3.2440261747979093e-06,0.00020555236551444978,2.061442137346603e-05,2.215582753706258e-06,4.3290583562338725e-06,1.545882878417615e-05,5.333743615665298e-07,2.5216124868165934e-06,0.000199891219381243,7.084454409778118e-05,7.062080840114504e-07,4.538767825579271e-06,6.458968755396199e-07,1.655555570323486e-05,8.228999490711431e-07,1.0985877452185377e-05,1.1225922107696533,-0.32043829560279846,0.34426555037498474,0.7500664591789246,-0.08636349439620972,0.016899850219488144,0.6554815173149109,1.1228883266448975,0.31966260075569153,0.3442850112915039,0.9875632524490356,0.06076652184128761,0.06077452376484871,0.6554815173149109,1.387910008430481,0.016169585287570953,0.6999878287315369,4.789999820786761e-06,-1.7700000398690463e-06,0.1242113783955574,0.9922558069229126
1.0913102626800537,-0.3208017945289612,0.3483835458755493,0.971588671207428,-0.06019999831914902,0.10834823548793793,-0.05862125754356384,1.1006282567977905,0.31653720140457153,0.40156519412994385,0.9600307941436768,0.07422732561826706,0.12137386202812195,-0.05804857239127159,1.2682700157165527,-0.00904818158596754,0.6837923526763916,-0.006909667979925871,-0.019766392186284065,0.01068638451397419,0.9850562214851379,1.1967961654590908e-05,1.1376370139259961e-06,5.27761926605308e-07,1.4117722457740456e-05,2.178955810450134e-06,2.3700997644482413e-06,0.00020020388183183968,1.2487952517403755e-05,1.5978997680576867e-06,2.097428478009533e-06,9.751611287356354e-06,3.4036506235679553e-07,1.5220033446894377e-06,0.000196345237782225,4.901701686321758e-05,4.927772465634916e-07,2.5443675895076012e-06,4.412732153014076e-07,1.207504919875646e-05,7.397611625492573e-07,6.5601129790593404e-06,1.121354341506958,-0.3203653395175934,0.34449833631515503,0.7414377331733704,-0.09263830631971359,0.022777222096920013,0.6642059087753296,1.1217068433761597,0.3192392885684967,0.34464704990386963,0.9873995184898376,0.06141398474574089,0.07010237127542496,0.6642059087753296,1.3867567777633667,0.016444554552435875,0.699988603591919,3.240000069126836e-06,-2.4500000108673703e-06,0.12510204315185547,0.9921438694000244
1.0949615240097046,-0.32255223393440247,0.3424394130706787,0.9738059043884277,-0.06048990786075592,0.11725500971078873,-0.06630069762468338,1.1042406558990479,0.3180498778820038,0.3904143273830414,0.9637666344642639,0.0747167244553566,0.12734268605709076,-0.06616979837417603,1.2788522243499756,-0.008389821276068687,0.6842740774154663,-0.006092574913054705,-0.011402267962694168,0.013250171206891537,0.9863203763961792,8.736137715459336e-06,6.33625404589111e-07,2.702888366457046e-07,1.1450035344751086e-05,2.0893762666673865e-06,1.6394374142691959e-06,0.00019181380048394203,8.478768904751632e-06,1.270931988983648e-06,1.203569468088972e-06,7.286348136403831e-06,2.760697555004299e-07,9.371529472446127e-07,0.0001887368125608191,3.7839356082258746e-05,3.884665318309999e-07,1.587569613548112e-06,3.033343887182127e-07,9.36426022235537e-06,6.635818863287568e-07,4.581030225381255e-06,1.1200039386749268,-0.32033631205558777,0.344821035861969,0.7343022227287292,-0.09906067699193954,0.028717394918203354,0.6709415316581726,1.1203948259353638,0.318954735994339,0.3449472188949585,0.9869123697280884,0.06224571168422699,0.07933839410543442,0.6709415316581726,1.3854570388793945,0.01680120825767517,0.6999897956848145,5.630000146084058e-07,-6.53000006423099e-06,0.12600691616535187,0.9920293688774109
1.096534013748169,-0.3235463500022888,0.3378990590572357,0.9743343591690063,-0.061209168285131454,0.12430225312709808,-0.07156629115343094,1.1054258346557617,0.31908801198005676,0.3813682198524475,0.9656713604927063,0.07509385794401169,0.13214252889156342,-0.07160232961177826,1.2851393222808838,-0.007740802131593227,0.6841999292373657,-0.005300756543874741,-0.005145162343978882,0.01519047375768423,0.9862099885940552,7.235142220451962e-06,3.826662862138619e-07,1.6486944787175162e-07,1.0025812116509769e-05,2.0477384623518446e-06,1.1142925586682395e-06,0.00018177324091084301,6.5483332036819775e-06,1.0986861980200047e-06,8.911184750104439e-07,6.300628683675313e-06,2.5140440129689523e-07,6.423426270885102e-07,0.00017932710761670023,3.246286360081285e-05,3.4370680168649415e-07,1.133344539994141e-06,2.0942434275639243e-07,7.866039595683105e-06,6.167849164739891e-07,3.6657795590144815e-06,1.1185625791549683,-0.3202648460865021,0.3450988531112671,0.728861391544342,-0.10541518777608871,0.03470132499933243,0.6756067872047424,1.1189767122268677,0.3187544643878937,0.345184326171875,0.9862223267555237,0.0631740614771843,0.08840423077344894,0.6756067872047424,1.3840546607971191,0.01721007376909256,0.6999900341033936,3.049999861559627e-07,-5.140000212122686e-06,0.12693728506565094,0.9919107556343079
1.0968525409698486,-0.32401037216186523,0.3345298171043396,0.9739957451820374,-0.062103331089019775,0.12961269915103912,-0.0750533789396286,1.105292797088623,0.3197921812534332,0.37424173951148987,0.966465950012207,0.07545693218708038,0.13586461544036865,-0.07505831122398376,1.288480281829834,-0.007157844491302967,0.6839022636413574,-0.004625285975635052,-0.0008322282810695469,0.016541175544261932,0.9854646325111389,6.523783213197021e-06,2.555317166752502e-07,1.2064430165992235e-07,9.038970347319264e-06,2.0111488083784934e-06,7.643516255484428e-07,0.00017097922682296485,5.614828751276946e-06,9.986259783545393e-07,8.062306164902111e-07,5.940895789535716e-06,2.367841602790577e-07,5.25286282027082e-07,0.0001691638317424804,2.9902957976446487e-05,3.272839705914521e-07,9.152429356618086e-07,1.493475139113798e-07,7.079138413246255e-06,5.948467673988489e-07,3.2146062949323095e-06,1.1170574426651,-0.3200756013393402,0.3452928364276886,0.7232266068458557,-0.11156975477933884,0.04051269590854645,0.6803338527679443,1.1174685955047607,0.31859979033470154,0.3453555107116699,0.9854061603546143,0.0641377866268158,0.09727399796247482,0.6803338527679443,1.3825647830963135,0.017660250887274742,0.6999901533126831,1.439999977037587e-07,-4.800000169780105e-06,0.12789595127105713,0.9917876124382019
1.0964646339416504,-0.32414451241493225,0.332077294588089,0.9732741713523865,-0.06299728155136108,0.1334892213344574,-0.07735276967287064,1.1045197248458862,0.3202452063560486,0.3687257766723633,0.9666087627410889,0.07580304890871048,0.1386851817369461,-0.07722539454698563,1.2899209260940552,-0.006672761403024197,0.6835429072380066,-0.004088031128048897,0.0019589485600590706,0.017417829483747482,0.9844807386398315,6.1484543039114214e-06,1.8827556402811751e-07,1.0046215948023018e-07,8.21726553112967e-06,1.964925559150288e-06,5.376656417865888e-07,0.00016008921375032514,5.135306309966836e-06,9.296890652876755e-07,7.982914098647598e-07,5.811223218188388e-06,2.2505986407850287e-07,5.006060064260964e-07,0.00015887970221228898,2.854238118743524e-05,3.216763957425428e-07,8.082433282652346e-07,1.1239492891945702e-07,6.638940703851404e-06,5.847371085110353e-07,2.9681095838896e-06,1.1154687404632568,-0.3199479281902313,0.345410019159317,0.7190694212913513,-0.1176522821187973,0.046295907348394394,0.6833401322364807,1.1158828735351562,0.31847018003463745,0.3454535901546478,0.9845035076141357,0.06510191410779953,0.10592667013406754,0.6833401322364807,1.3809996843338013,0.0181350726634264,0.6999900341033936,3.390000102854174e-08,-5.4299998737405986e-06,0.12889447808265686,0.9916583299636841
1.0957236289978027,-0.32409408688545227,0.33031564950942993,0.9724419116973877,-0.06379678100347519,0.13626180589199066,-0.07891136407852173,1.1034963130950928,0.32051360607147217,0.36450064182281494,0.9663891792297363,0.07611148059368134,0.1407923549413681,-0.07861684262752533,1.2902014255523682,-0.006287503521889448,0.6831953525543213,-0.0036764892283827066,0.0036557873245328665,0.017943818122148514,0.9834614992141724,5.8990749494114425e-06,1.5020367527540657e-07,9.006049594972865e-08,7.483647550543537e-06,1.90670994015818e-06,3.9076749658306653e-07,0.0001495418546255678,4.847865966439713e-06,8.735798360248737e-07,8.080613724814611e-07,5.735254944738699e-06,2.145961843780242e-07,5.136243430570175e-07,0.00014887686120346189,2.7588803277467377e-05,3.183223213909514e-07,7.534581527579576e-07,8.932351391877091e-08,6.33276567896246e-06,5.766240178672888e-07,2.810163550748257e-06,1.1138086318969727,-0.3198341429233551,0.3451229929924011,0.7158805131912231,-0.12341691553592682,0.051859840750694275,0.6852692365646362,1.114199161529541,0.3183867037296295,0.3452148735523224,0.9835126996040344,0.06609734892845154,0.11426946520805359,0.6852692365646362,1.3793580532073975,0.01863640360534191,0.6999889016151428,-1.3400000398178236e-07,-1.249999968422344e-05,0.1299356073141098,0.9915224313735962
1.0948448181152344,-0.323951780796051,0.32906201481819153,0.9716405272483826,-0.06446532160043716,0.13822053372859955,-0.08003586530685425,1.1024301052093506,0.3206528425216675,0.3612835109233856,0.9659855365753174,0.07636906951665878,0.14235180616378784,-0.0795750766992569,1.2898131608963013,-0.005988359916955233,0.6828873753547668,-0.0033672216814011335,0.004604731686413288,0.018223347142338753,0.9825013875961304,5.684863936039619e-06,1.2685015349234163e-07,8.396173001301577e-08,6.818852853029966e-06,1.838472257986723e-06,2.93942321150098e-07,0.00013957187184132636,4.63393735117279e-06,8.231510264522512e-07,8.145975129991712e-07,5.643478289130144e-06,2.0477746431879496e-07,5.345660838429467e-07,0.00013936954201199114,2.6696210625232197e-05,3.138778197353531e-07,7.225951321743196e-07,7.40005177135572e-08,6.058743565517943e-06,5.656901294059935e-07,2.687304458959261e-06,1.1102874279022217,-0.3212662935256958,0.350837379693985,0.691486656665802,-0.1401805728673935,0.061267364770174026,0.7060042023658752,1.1110163927078247,0.3164736032485962,0.3356632888317108,0.9839600920677185,0.06379662454128265,0.1233508512377739,0.7060042023658752,1.374758243560791,0.02156704291701317,0.6999899744987488,9.989999938397887e-09,6.380000083794357e-09,0.13074371218681335,0.9914162158966064
1.0462795495986938,-0.29348912835121155,0.3532503843307495,0.8059515953063965,-0.10010474920272827,0.06466986238956451,0.329256147146225,1.0654857158660889,0.33377498388290405,0.3471074104309082,0.9715024828910828,0.044141508638858795,0.11482452601194382,0.30653420090675354,1.275020718574524,-0.046425025910139084,0.6905248761177063,-0.006883209105581045,-0.03485558554530144,0.04798598960042,1.0104007720947266,0.005805486813187599,0.0012194941518828273,0.0015472520608454943,0.003324089339002967,0.0009591678972356021,0.000551591336261481,0.0032534911297261715,0.003267687978222966,0.002074938267469406,0.0009192731813527644,0.003403803799301386,0.0004023912479169667,0.0006486675119958818,0.003110942430794239,0.009371422231197357,0.0006944295018911362,0.0033599783200770617,0.0009176637977361679,0.0003023834724444896,0.0007201445987448096,0.0037778320256620646,1.1039421558380127,-0.3095810115337372,0.3498028516769409,0.6909639835357666,-0.14100801944732666,0.06090577319264412,0.7063823342323303,1.1046725511550903,0.3286098837852478,0.3355288803577423,0.9839146733283997,0.06348109245300293,0.12477406859397888,0.7063823342323303,1.3729952573776245,0.02137875184416771,0.699989914894104,1.8100000431786611e-07,1.4700000292577897e-06,0.1328795850276947,0.9911321997642517
0.9015404582023621,-0.22946181893348694,0.29133668541908264,0.7169691920280457,-0.08762393146753311,0.05959269404411316,0.2781706750392914,0.9214457273483276,0.31733623147010803,0.3053847849369049,0.8748692870140076,0.04926074668765068,0.10663802176713943,0.2726271450519562,1.1203140020370483,-0.00873134471476078,0.6146205067634583,-0.0033127961214631796,-0.012155653908848763,0.048157304525375366,0.8853617906570435,0.0048979357816278934,0.0009837487014010549,0.0007988432189449668,0.002200604183599353,0.0004896045429632068,0.00034469057573005557,0.002728493418544531,0.0030962503515183926,0.0014365877723321319,0.0007207664893940091,0.0029633967205882072,0.00024545338237658143,0.0003467994974926114,0.0023290880490094423,0.007831376045942307,0.00019773245730903,0.0020786381792277098,0.0005515807424671948,0.00020317842427175492,0.0003564785001799464,0.003582955803722143,1.0862116813659668,-0.2921188175678253,0.3498618006706238,0.6914898157119751,-0.14073733985424042,0.060865893959999084,0.7059250473976135,1.0870343446731567,0.346431165933609,0.3339338004589081,0.9840813875198364,0.06312626600265503,0.12233001738786697,0.7059250473976135,1.3670401573181152,0.021466653794050217,0.6999897956848145,9.069999862276745e-08,-2.880000010918593e-06,0.14054365456104279,0.9900744557380676
0.8478837609291077,-0.19904209673404694,0.27980270981788635,0.6833727359771729,-0.08074193447828293,0.06415817141532898,0.2692932188510895,0.8642913103103638,0.32373473048210144,0.2953881025314331,0.8383138179779053,0.04751381650567055,0.10904991626739502,0.27567747235298157,1.0753265619277954,-0.00307575985789299,0.5890529751777649,-0.003676451276987791,0.0007074252353049815,0.04679934307932854,0.8462625741958618,0.004433373920619488,0.0008396798511967063,0.0005460766260512173,0.0017415903275832534,0.0002728054241742939,0.00015622600039932877,0.0022398889996111393,0.0030938817653805017,0.001365277566947043,0.0006836435059085488,0.0026773877907544374,0.00018019309209194034,0.00019926397362723947,0.0018700403161346912,0.0067280363291502,9.166629024548456e-05,0.0018547448562458158,0.00031886069336906075,0.0001358318841084838,0.00021977873984724283,0.0032711834646761417,1.0654383897781372,-0.27265864610671997,0.3499058485031128,0.6920410394668579,-0.14013710618019104,0.060918234288692474,0.7054997086524963,1.0659972429275513,0.3666718304157257,0.3345251679420471,0.983986496925354,0.06396543234586716,0.12260429561138153,0.7054997086524963,1.3676363229751587,0.0230780690908432,0.6999883055686951,2.1500000002561137e-06,-1.4800000371906208e-06,0.1382157802581787,0.9904021620750427
0.8171285390853882,-0.18026027083396912,0.27783945202827454,0.6661152243614197,-0.07625582814216614,0.06667375564575195,0.2722975015640259,0.8318921327590942,0.33835816383361816,0.2922685742378235,0.8214176893234253,0.048131611198186874,0.11223256587982178,0.2834041118621826,1.0582239627838135,-0.0020185215398669243,0.5773391127586365,-0.004510010592639446,0.008435633964836597,0.04621945321559906,0.8279463648796082,0.004847915843129158,0.0008387489360757172,0.0005110689671710134,0.0019267805619165301,0.00019270452321507037,8.420024096267298e-05,0.00214705104008317,0.003743712790310383,0.001370457699522376,0.0006866989424452186,0.0030090240761637688,0.00012506026541814208,0.0001395287981722504,0.00180484086740762,0.007213891949504614,5.883576886844821e-05,0.0019703712314367294,0.0002450744214002043,8.481515396852046e-05,0.00015773906488902867,0.003472151467576623,1.0444910526275635,-0.25275906920433044,0.3502613604068756,0.691962480545044,-0.14014481008052826,0.061180777847766876,0.7055524587631226,1.0449109077453613,0.38693898916244507,0.3352203071117401,0.9838724732398987,0.06458708643913269,0.12311053276062012,0.7055524587631226,1.3676369190216064,0.02307913452386856,0.6999892592430115,9.299999987888441e-07,-6.170000119709584e-07,0.1382157802581787,0.9904021620750427
0.7959245443344116,-0.16534721851348877,0.27781033515930176,0.6565019488334656,-0.07474531978368759,0.06764058023691177,0.28081491589546204,0.8095791935920715,0.35664311051368713,0.2905038893222809,0.8130612969398499,0.04997633397579193,0.1147838830947876,0.29113343358039856,1.052574634552002,-0.0021340292878448963,0.5713058710098267,-0.005454626400023699,0.013159732334315777,0.04540156200528145,0.8181313276290894,0.005479532293975353,0.0008516779053024948,0.0005510961054824293,0.0023204591125249863,0.0001461707433918491,5.0629205361474305e-05,0.002173925982788205,0.004431994166225195,0.0014434520853683352,0.0006738121155649424,0.0036120605655014515,8.087170135695487e-05,0.0001098115899367258,0.001849742722697556,0.008326091803610325,4.210909173707478e-05,0.0021905233152210712,0.00018497584096621722,4.753245957545005e-05,0.00011038069351343438,0.0039401790127158165,1.0238384008407593,-0.23275460302829742,0.3504747450351715,0.691924512386322,-0.1401822865009308,0.06131832301616669,0.7055703401565552,1.0242223739624023,0.40686044096946716,0.3356793522834778,0.9838079214096069,0.06480077654123306,0.12344011664390564,0.7055703401565552,1.367637038230896,0.023079590871930122,0.6999896764755249,4.0399999079454574e-07,-2.680000079635647e-07,0.1382157802581787,0.9904021620750427
0.7783642411231995,-0.1510947346687317,0.27786362171173096,0.6502090096473694,-0.07511110603809357,0.06792687624692917,0.29094064235687256,0.7905634045600891,0.37603792548179626,0.2882618010044098,0.8080044984817505,0.05236516892910004,0.11666691303253174,0.29781633615493774,1.0510343313217163,-0.0024012557696551085,0.5679212212562561,-0.006656772922724485,0.016126152127981186,0.044226545840501785,0.8115412592887878,0.00603603245690465,0.000822566682472825,0.0006206316757015884,0.0027937612030655146,0.00010881542402785271,3.25071086990647e-05,0.0022029506508260965,0.004978645592927933,0.0015332926996052265,0.0006662116502411664,0.004273827187716961,5.274696013657376e-05,9.374799992656335e-05,0.0018999018939211965,0.009563369676470757,2.95775753329508e-05,0.002435920061543584,0.0001276466209674254,2.5757197363418527e-05,7.163675763877109e-05,0.0045148530043661594,1.0034314393997192,-0.21272814273834229,0.350580632686615,0.6919097900390625,-0.14019964635372162,0.06136651337146759,0.7055771350860596,1.0038316249847412,0.42662274837493896,0.33596596121788025,0.9837777614593506,0.06479232013225555,0.12365183979272842,0.7055771350860596,1.367643117904663,0.02308354154229164,0.6999910473823547,-2.7999999474559445e-06,9.870000212686136e-06,0.1382138580083847,0.9904024004936218
0.7611339688301086,-0.13635984063148499,0.27734148502349854,0.6447553038597107,-0.07631614059209824,0.06795281916856766,0.3003096878528595,0.7715039253234863,0.394769549369812,0.28511831164360046,0.8035106658935547,0.05474521592259407,0.11788641661405563,0.30287036299705505,1.049384355545044,-0.002379604382440448,0.5653011202812195,-0.00810711644589901,0.018037959933280945,0.042753130197525024,0.8052236437797546,0.006558139808475971,0.0007621042896062136,0.0007160056848078966,0.0033474178053438663,8.057528611971065e-05,2.316358768439386e-05,0.0022264113649725914,0.005509162787348032,0.0016363401664420962,0.0006928958464413881,0.005000502802431583,3.593740620999597e-05,8.83276152308099e-05,0.0019792949315160513,0.01094354409724474,2.034073622780852e-05,0.0027307854034006596,8.094178338069469e-05,1.4367937183124013e-05,4.3595628085313365e-05,0.005249111447483301,0.9831802845001221,-0.19270111620426178,0.3506365418434143,0.6919033527374268,-0.14021192491054535,0.06137846037745476,0.705579936504364,0.9836211800575256,0.4463438391685486,0.33614128828048706,0.9837669134140015,0.06468958407640457,0.1237868219614029,0.705579936504364,1.3676446676254272,0.023086505010724068,0.6999912858009338,-5.729999884351855e-06,1.4999999621068127e-05,0.13821110129356384,0.9904028177261353
0.742282509803772,-0.12104327231645584,0.2758845090866089,0.6384940147399902,-0.0776735171675682,0.06787656247615814,0.3075679838657379,0.750874936580658,0.4115458130836487,0.28105616569519043,0.797875702381134,0.056808169931173325,0.11851608753204346,0.30585747957229614,1.044986367225647,-0.0019257968524470925,0.5620691776275635,-0.009643585421144962,0.019347485154867172,0.041073571890592575,0.7973693609237671,0.007255533244460821,0.0006909426883794367,0.0008493525674566627,0.004069210961461067,6.257557106437162e-05,2.0144278096267954e-05,0.0022861147299408913,0.006239704322069883,0.0017857442144304514,0.0007839980535209179,0.005927256308495998,2.59217504208209e-05,9.127979137701914e-05,0.0021411324851214886,0.012761774472892284,1.468255231884541e-05,0.0031461988110095263,4.779153096023947e-05,8.530351806257386e-06,2.6846937544178218e-05,0.006299598608165979,0.9630168676376343,-0.17267733812332153,0.3506692945957184,0.6919006109237671,-0.14022180438041687,0.061376772820949554,0.7055808305740356,0.963512659072876,0.4660443365573883,0.3362520933151245,0.9837657809257507,0.06456810235977173,0.12387064844369888,0.7055808305740356,1.367646336555481,0.023083675652742386,0.6999872326850891,-1.4900000451234519e-06,2.010000025620684e-05,0.1382073014974594,0.9904032945632935
0.7209445834159851,-0.10551133006811142,0.2732909619808197,0.6303994059562683,-0.07880720496177673,0.06772834807634354,0.3120501935482025,0.7281959652900696,0.4254227578639984,0.27614811062812805,0.7899948358535767,0.05843660980463028,0.11861016601324081,0.30654293298721313,1.0362900495529175,-0.001079443609341979,0.5573293566703796,-0.011124767363071442,0.020375514402985573,0.03927917778491974,0.786933183670044,0.008352437987923622,0.0006270105368457735,0.0010363091714680195,0.005083469673991203,5.481212065205909e-05,2.1496978661161847e-05,0.0024331477470695972,0.0073561277240514755,0.002030743286013603,0.000960168254096061,0.007224120665341616,2.0249612134648487e-05,0.00010018829198088497,0.0024314706679433584,0.015380206517875195,1.3026847227592953e-05,0.0037574570160359144,2.70834680122789e-05,5.619517196464585e-06,1.939474168466404e-05,0.007832090370357037,0.9429070949554443,-0.15265649557113647,0.3506903350353241,0.6918990612030029,-0.1402304470539093,0.061370354145765305,0.7055811882019043,0.9434053897857666,0.48574504256248474,0.336345911026001,0.9837693572044373,0.06444481760263443,0.12392474710941315,0.7055811882019043,1.3676433563232422,0.02308504283428192,0.6999874711036682,-3.240000069126836e-06,2.010000025620684e-05,0.13820365071296692,0.9904038310050964
0.6970356106758118,-0.09025975316762924,0.269491583108902,0.6199305057525635,-0.07955105602741241,0.06747855991125107,0.31356826424598694,0.7035192251205444,0.43579110503196716,0.27044710516929626,0.7792325615882874,0.05961683765053749,0.11818674206733704,0.30488982796669006,1.0225750207901,5.50361983187031e-05,0.5505969524383545,-0.012487235479056835,0.0213189534842968,0.03744589909911156,0.7734090685844421,0.010030219331383705,0.0005838825600221753,0.0012916035484522581,0.006517256144434214,5.6552871683379635e-05,2.5679733880679123e-05,0.0027099275030195713,0.0089945700019598,0.002423821482807398,0.0012307416182011366,0.009049659594893456,1.784514643077273e-05,0.00011419067595852539,0.0028852091636508703,0.019132615998387337,1.5681665900046937e-05,0.004630813375115395,1.5594594515278004e-05,4.26035239797784e-06,1.8304239347344264e-05,0.00999867171049118,0.9228253364562988,-0.13263964653015137,0.3507065176963806,0.691897451877594,-0.14023779332637787,0.06136302649974823,0.7055819034576416,0.9233431816101074,0.5055058598518372,0.33642512559890747,0.9837741851806641,0.06430364400148392,0.12397915124893188,0.7055819034576416,1.3676406145095825,0.023085109889507294,0.6999877691268921,-3.5000000480067683e-06,1.8799999452312477e-05,0.13820147514343262,0.9904041290283203
0.6709093451499939,-0.07573260366916656,0.26451531052589417,0.6069061160087585,-0.07985720783472061,0.06708419322967529,0.3122454583644867,0.677134096622467,0.44236910343170166,0.26397910714149475,0.7653477787971497,0.06038873642683029,0.11726287007331848,0.3010152578353882,1.0037401914596558,0.001384096685796976,0.5416954159736633,-0.013718458823859692,0.022259805351495743,0.03562125563621521,0.7566857933998108,0.012397236190736294,0.0005690015968866646,0.0016271976055577397,0.008466076105833054,6.693797331536189e-05,3.191702126059681e-05,0.0031427363865077496,0.01123256515711546,0.003012887667864561,0.0015946920029819012,0.011521093547344208,1.8238575648865663e-05,0.00013399517047218978,0.0035230384673923254,0.024259420111775398,2.270418372063432e-05,0.005813798401504755,9.837577636062633e-06,3.5848368042934453e-06,2.1462725271703675e-05,0.012915095314383507,0.9027668833732605,-0.11262471973896027,0.3507193326950073,0.6918946504592896,-0.14024442434310913,0.06135651469230652,0.705583930015564,0.9033295512199402,0.5253002047538757,0.3364943265914917,0.9837786555290222,0.0641634464263916,0.12403659522533417,0.705583930015564,1.3676379919052124,0.02308480627834797,0.6999877095222473,-3.299999889350147e-06,1.739999970595818e-05,0.13819943368434906,0.9904044270515442
